### CELL n=355584 rows=1 k=512 pat=random
DEVICE name=NVIDIA GB10 cc=12.1 sms=48 sharedPerBlockOptin=101376 sharedPerBlock=49152 sharedPerMultiprocessor=102400
CONST kThreadsPerBlock=1024 RADIX_THRESHOLD=22016 kSmemMedium=35968 kFixedSmemLarge=2080 kDetMaxCtasPerGroup=64 det_fixed512=6400 det_fixed1024=6400 det_fixed2048=6400
DIAG rows=1 k=512 n=355584 pat=random rep=0 sms=48 optin=101376 eff_smem=35968 vec=4 static_smem=4256 avail=29632 max_chunk=7408 active_w=355584 ctas0=48 chunk0=7408 smem_pre_det=35968 det_want=94464 dyn_cap=97120 smem=94464 occ=1 coop=1 hw_cap=48 max_res=48 groups=1 total_ctas=48 ctas_pg=48 chunk=7408 FORCE_SINGLE_CTA=0 status=0 took_sampled=0 took_filtered=0 expected_rej=0 msg=""
RESULT rows=1 k=512 n=355584 pat=random rep=0 rep=0 outcome=PASS exact=1 repro=1 poison_left=0 ms=0.389 force_single_cta=0 detail=""
RESULT rows=1 k=512 n=355584 pat=random rep=1 rep=1 outcome=PASS exact=1 repro=1 poison_left=0 ms=0.041 force_single_cta=0 detail=""
RESULT rows=1 k=512 n=355584 pat=random rep=2 rep=2 outcome=PASS exact=1 repro=1 poison_left=0 ms=0.040 force_single_cta=0 detail=""
RESULT rows=1 k=512 n=355584 pat=random rep=3 rep=3 outcome=PASS exact=1 repro=1 poison_left=0 ms=0.039 force_single_cta=0 detail=""
RESULT rows=1 k=512 n=355584 pat=random rep=4 rep=4 outcome=PASS exact=1 repro=1 poison_left=0 ms=0.039 force_single_cta=0 detail=""
RESULT rows=1 k=512 n=355584 pat=random rep=5 rep=5 outcome=PASS exact=1 repro=1 poison_left=0 ms=0.039 force_single_cta=0 detail=""
SUMMARY rows=1 k=512 n=355584 pat=random all_pass=1
CELL_EXIT n=355584 rows=1 k=512 pat=random rc=0
### CELL n=355584 rows=1 k=512 pat=tie
DEVICE name=NVIDIA GB10 cc=12.1 sms=48 sharedPerBlockOptin=101376 sharedPerBlock=49152 sharedPerMultiprocessor=102400
CONST kThreadsPerBlock=1024 RADIX_THRESHOLD=22016 kSmemMedium=35968 kFixedSmemLarge=2080 kDetMaxCtasPerGroup=64 det_fixed512=6400 det_fixed1024=6400 det_fixed2048=6400
DIAG rows=1 k=512 n=355584 pat=tie rep=0 sms=48 optin=101376 eff_smem=35968 vec=4 static_smem=4256 avail=29632 max_chunk=7408 active_w=355584 ctas0=48 chunk0=7408 smem_pre_det=35968 det_want=94464 dyn_cap=97120 smem=94464 occ=1 coop=1 hw_cap=48 max_res=48 groups=1 total_ctas=48 ctas_pg=48 chunk=7408 FORCE_SINGLE_CTA=0 status=0 took_sampled=0 took_filtered=0 expected_rej=0 msg=""
RESULT rows=1 k=512 n=355584 pat=tie rep=0 rep=0 outcome=PASS exact=1 repro=1 poison_left=0 ms=0.335 force_single_cta=0 detail=""
RESULT rows=1 k=512 n=355584 pat=tie rep=1 rep=1 outcome=PASS exact=1 repro=1 poison_left=0 ms=0.040 force_single_cta=0 detail=""
RESULT rows=1 k=512 n=355584 pat=tie rep=2 rep=2 outcome=PASS exact=1 repro=1 poison_left=0 ms=0.039 force_single_cta=0 detail=""
RESULT rows=1 k=512 n=355584 pat=tie rep=3 rep=3 outcome=PASS exact=1 repro=1 poison_left=0 ms=0.039 force_single_cta=0 detail=""
RESULT rows=1 k=512 n=355584 pat=tie rep=4 rep=4 outcome=PASS exact=1 repro=1 poison_left=0 ms=0.039 force_single_cta=0 detail=""
RESULT rows=1 k=512 n=355584 pat=tie rep=5 rep=5 outcome=PASS exact=1 repro=1 poison_left=0 ms=0.039 force_single_cta=0 detail=""
SUMMARY rows=1 k=512 n=355584 pat=tie all_pass=1
CELL_EXIT n=355584 rows=1 k=512 pat=tie rc=0
### CELL n=355584 rows=1 k=512 pat=equal
DEVICE name=NVIDIA GB10 cc=12.1 sms=48 sharedPerBlockOptin=101376 sharedPerBlock=49152 sharedPerMultiprocessor=102400
CONST kThreadsPerBlock=1024 RADIX_THRESHOLD=22016 kSmemMedium=35968 kFixedSmemLarge=2080 kDetMaxCtasPerGroup=64 det_fixed512=6400 det_fixed1024=6400 det_fixed2048=6400
DIAG rows=1 k=512 n=355584 pat=equal rep=0 sms=48 optin=101376 eff_smem=35968 vec=4 static_smem=4256 avail=29632 max_chunk=7408 active_w=355584 ctas0=48 chunk0=7408 smem_pre_det=35968 det_want=94464 dyn_cap=97120 smem=94464 occ=1 coop=1 hw_cap=48 max_res=48 groups=1 total_ctas=48 ctas_pg=48 chunk=7408 FORCE_SINGLE_CTA=0 status=0 took_sampled=0 took_filtered=0 expected_rej=0 msg=""
RESULT rows=1 k=512 n=355584 pat=equal rep=0 rep=0 outcome=PASS exact=1 repro=1 poison_left=0 ms=0.325 force_single_cta=0 detail=""
RESULT rows=1 k=512 n=355584 pat=equal rep=1 rep=1 outcome=PASS exact=1 repro=1 poison_left=0 ms=0.040 force_single_cta=0 detail=""
RESULT rows=1 k=512 n=355584 pat=equal rep=2 rep=2 outcome=PASS exact=1 repro=1 poison_left=0 ms=0.039 force_single_cta=0 detail=""
RESULT rows=1 k=512 n=355584 pat=equal rep=3 rep=3 outcome=PASS exact=1 repro=1 poison_left=0 ms=0.039 force_single_cta=0 detail=""
RESULT rows=1 k=512 n=355584 pat=equal rep=4 rep=4 outcome=PASS exact=1 repro=1 poison_left=0 ms=0.038 force_single_cta=0 detail=""
RESULT rows=1 k=512 n=355584 pat=equal rep=5 rep=5 outcome=PASS exact=1 repro=1 poison_left=0 ms=0.038 force_single_cta=0 detail=""
SUMMARY rows=1 k=512 n=355584 pat=equal all_pass=1
CELL_EXIT n=355584 rows=1 k=512 pat=equal rc=0
### CELL n=355584 rows=1 k=1024 pat=random
DEVICE name=NVIDIA GB10 cc=12.1 sms=48 sharedPerBlockOptin=101376 sharedPerBlock=49152 sharedPerMultiprocessor=102400
CONST kThreadsPerBlock=1024 RADIX_THRESHOLD=22016 kSmemMedium=35968 kFixedSmemLarge=2080 kDetMaxCtasPerGroup=64 det_fixed512=6400 det_fixed1024=6400 det_fixed2048=6400
DIAG rows=1 k=1024 n=355584 pat=random rep=0 sms=48 optin=101376 eff_smem=35968 vec=4 static_smem=4256 avail=29632 max_chunk=7408 active_w=355584 ctas0=48 chunk0=7408 smem_pre_det=35968 det_want=94464 dyn_cap=97120 smem=94464 occ=1 coop=1 hw_cap=48 max_res=48 groups=1 total_ctas=48 ctas_pg=48 chunk=7408 FORCE_SINGLE_CTA=0 status=0 took_sampled=0 took_filtered=0 expected_rej=0 msg=""
RESULT rows=1 k=1024 n=355584 pat=random rep=0 rep=0 outcome=PASS exact=1 repro=1 poison_left=0 ms=0.343 force_single_cta=0 detail=""
RESULT rows=1 k=1024 n=355584 pat=random rep=1 rep=1 outcome=PASS exact=1 repro=1 poison_left=0 ms=0.040 force_single_cta=0 detail=""
RESULT rows=1 k=1024 n=355584 pat=random rep=2 rep=2 outcome=PASS exact=1 repro=1 poison_left=0 ms=0.039 force_single_cta=0 detail=""
RESULT rows=1 k=1024 n=355584 pat=random rep=3 rep=3 outcome=PASS exact=1 repro=1 poison_left=0 ms=0.039 force_single_cta=0 detail=""
RESULT rows=1 k=1024 n=355584 pat=random rep=4 rep=4 outcome=PASS exact=1 repro=1 poison_left=0 ms=0.038 force_single_cta=0 detail=""
RESULT rows=1 k=1024 n=355584 pat=random rep=5 rep=5 outcome=PASS exact=1 repro=1 poison_left=0 ms=0.039 force_single_cta=0 detail=""
SUMMARY rows=1 k=1024 n=355584 pat=random all_pass=1
CELL_EXIT n=355584 rows=1 k=1024 pat=random rc=0
### CELL n=355584 rows=1 k=1024 pat=tie
DEVICE name=NVIDIA GB10 cc=12.1 sms=48 sharedPerBlockOptin=101376 sharedPerBlock=49152 sharedPerMultiprocessor=102400
CONST kThreadsPerBlock=1024 RADIX_THRESHOLD=22016 kSmemMedium=35968 kFixedSmemLarge=2080 kDetMaxCtasPerGroup=64 det_fixed512=6400 det_fixed1024=6400 det_fixed2048=6400
DIAG rows=1 k=1024 n=355584 pat=tie rep=0 sms=48 optin=101376 eff_smem=35968 vec=4 static_smem=4256 avail=29632 max_chunk=7408 active_w=355584 ctas0=48 chunk0=7408 smem_pre_det=35968 det_want=94464 dyn_cap=97120 smem=94464 occ=1 coop=1 hw_cap=48 max_res=48 groups=1 total_ctas=48 ctas_pg=48 chunk=7408 FORCE_SINGLE_CTA=0 status=0 took_sampled=0 took_filtered=0 expected_rej=0 msg=""
RESULT rows=1 k=1024 n=355584 pat=tie rep=0 rep=0 outcome=PASS exact=1 repro=1 poison_left=0 ms=0.326 force_single_cta=0 detail=""
RESULT rows=1 k=1024 n=355584 pat=tie rep=1 rep=1 outcome=PASS exact=1 repro=1 poison_left=0 ms=0.041 force_single_cta=0 detail=""
RESULT rows=1 k=1024 n=355584 pat=tie rep=2 rep=2 outcome=PASS exact=1 repro=1 poison_left=0 ms=0.039 force_single_cta=0 detail=""
RESULT rows=1 k=1024 n=355584 pat=tie rep=3 rep=3 outcome=PASS exact=1 repro=1 poison_left=0 ms=0.040 force_single_cta=0 detail=""
RESULT rows=1 k=1024 n=355584 pat=tie rep=4 rep=4 outcome=PASS exact=1 repro=1 poison_left=0 ms=0.039 force_single_cta=0 detail=""
RESULT rows=1 k=1024 n=355584 pat=tie rep=5 rep=5 outcome=PASS exact=1 repro=1 poison_left=0 ms=0.040 force_single_cta=0 detail=""
SUMMARY rows=1 k=1024 n=355584 pat=tie all_pass=1
CELL_EXIT n=355584 rows=1 k=1024 pat=tie rc=0
### CELL n=355584 rows=1 k=1024 pat=equal
DEVICE name=NVIDIA GB10 cc=12.1 sms=48 sharedPerBlockOptin=101376 sharedPerBlock=49152 sharedPerMultiprocessor=102400
CONST kThreadsPerBlock=1024 RADIX_THRESHOLD=22016 kSmemMedium=35968 kFixedSmemLarge=2080 kDetMaxCtasPerGroup=64 det_fixed512=6400 det_fixed1024=6400 det_fixed2048=6400
DIAG rows=1 k=1024 n=355584 pat=equal rep=0 sms=48 optin=101376 eff_smem=35968 vec=4 static_smem=4256 avail=29632 max_chunk=7408 active_w=355584 ctas0=48 chunk0=7408 smem_pre_det=35968 det_want=94464 dyn_cap=97120 smem=94464 occ=1 coop=1 hw_cap=48 max_res=48 groups=1 total_ctas=48 ctas_pg=48 chunk=7408 FORCE_SINGLE_CTA=0 status=0 took_sampled=0 took_filtered=0 expected_rej=0 msg=""
RESULT rows=1 k=1024 n=355584 pat=equal rep=0 rep=0 outcome=PASS exact=1 repro=1 poison_left=0 ms=0.323 force_single_cta=0 detail=""
RESULT rows=1 k=1024 n=355584 pat=equal rep=1 rep=1 outcome=PASS exact=1 repro=1 poison_left=0 ms=0.040 force_single_cta=0 detail=""
RESULT rows=1 k=1024 n=355584 pat=equal rep=2 rep=2 outcome=PASS exact=1 repro=1 poison_left=0 ms=0.039 force_single_cta=0 detail=""
RESULT rows=1 k=1024 n=355584 pat=equal rep=3 rep=3 outcome=PASS exact=1 repro=1 poison_left=0 ms=0.039 force_single_cta=0 detail=""
RESULT rows=1 k=1024 n=355584 pat=equal rep=4 rep=4 outcome=PASS exact=1 repro=1 poison_left=0 ms=0.039 force_single_cta=0 detail=""
RESULT rows=1 k=1024 n=355584 pat=equal rep=5 rep=5 outcome=PASS exact=1 repro=1 poison_left=0 ms=0.040 force_single_cta=0 detail=""
SUMMARY rows=1 k=1024 n=355584 pat=equal all_pass=1
CELL_EXIT n=355584 rows=1 k=1024 pat=equal rc=0
### CELL n=355584 rows=1 k=2048 pat=random
DEVICE name=NVIDIA GB10 cc=12.1 sms=48 sharedPerBlockOptin=101376 sharedPerBlock=49152 sharedPerMultiprocessor=102400
CONST kThreadsPerBlock=1024 RADIX_THRESHOLD=22016 kSmemMedium=35968 kFixedSmemLarge=2080 kDetMaxCtasPerGroup=64 det_fixed512=6400 det_fixed1024=6400 det_fixed2048=6400
DIAG rows=1 k=2048 n=355584 pat=random rep=0 sms=48 optin=101376 eff_smem=35968 vec=4 static_smem=4256 avail=29632 max_chunk=7408 active_w=355584 ctas0=48 chunk0=7408 smem_pre_det=35968 det_want=94464 dyn_cap=97120 smem=94464 occ=1 coop=1 hw_cap=48 max_res=48 groups=1 total_ctas=48 ctas_pg=48 chunk=7408 FORCE_SINGLE_CTA=0 status=0 took_sampled=0 took_filtered=0 expected_rej=0 msg=""
RESULT rows=1 k=2048 n=355584 pat=random rep=0 rep=0 outcome=PASS exact=1 repro=1 poison_left=0 ms=0.332 force_single_cta=0 detail=""
RESULT rows=1 k=2048 n=355584 pat=random rep=1 rep=1 outcome=PASS exact=1 repro=1 poison_left=0 ms=0.040 force_single_cta=0 detail=""
RESULT rows=1 k=2048 n=355584 pat=random rep=2 rep=2 outcome=PASS exact=1 repro=1 poison_left=0 ms=0.040 force_single_cta=0 detail=""
RESULT rows=1 k=2048 n=355584 pat=random rep=3 rep=3 outcome=PASS exact=1 repro=1 poison_left=0 ms=0.038 force_single_cta=0 detail=""
RESULT rows=1 k=2048 n=355584 pat=random rep=4 rep=4 outcome=PASS exact=1 repro=1 poison_left=0 ms=0.039 force_single_cta=0 detail=""
RESULT rows=1 k=2048 n=355584 pat=random rep=5 rep=5 outcome=PASS exact=1 repro=1 poison_left=0 ms=0.039 force_single_cta=0 detail=""
SUMMARY rows=1 k=2048 n=355584 pat=random all_pass=1
CELL_EXIT n=355584 rows=1 k=2048 pat=random rc=0
### CELL n=355584 rows=1 k=2048 pat=tie
DEVICE name=NVIDIA GB10 cc=12.1 sms=48 sharedPerBlockOptin=101376 sharedPerBlock=49152 sharedPerMultiprocessor=102400
CONST kThreadsPerBlock=1024 RADIX_THRESHOLD=22016 kSmemMedium=35968 kFixedSmemLarge=2080 kDetMaxCtasPerGroup=64 det_fixed512=6400 det_fixed1024=6400 det_fixed2048=6400
DIAG rows=1 k=2048 n=355584 pat=tie rep=0 sms=48 optin=101376 eff_smem=35968 vec=4 static_smem=4256 avail=29632 max_chunk=7408 active_w=355584 ctas0=48 chunk0=7408 smem_pre_det=35968 det_want=94464 dyn_cap=97120 smem=94464 occ=1 coop=1 hw_cap=48 max_res=48 groups=1 total_ctas=48 ctas_pg=48 chunk=7408 FORCE_SINGLE_CTA=0 status=0 took_sampled=0 took_filtered=0 expected_rej=0 msg=""
RESULT rows=1 k=2048 n=355584 pat=tie rep=0 rep=0 outcome=PASS exact=1 repro=1 poison_left=0 ms=0.335 force_single_cta=0 detail=""
RESULT rows=1 k=2048 n=355584 pat=tie rep=1 rep=1 outcome=PASS exact=1 repro=1 poison_left=0 ms=0.040 force_single_cta=0 detail=""
RESULT rows=1 k=2048 n=355584 pat=tie rep=2 rep=2 outcome=PASS exact=1 repro=1 poison_left=0 ms=0.039 force_single_cta=0 detail=""
RESULT rows=1 k=2048 n=355584 pat=tie rep=3 rep=3 outcome=PASS exact=1 repro=1 poison_left=0 ms=0.038 force_single_cta=0 detail=""
RESULT rows=1 k=2048 n=355584 pat=tie rep=4 rep=4 outcome=PASS exact=1 repro=1 poison_left=0 ms=0.039 force_single_cta=0 detail=""
RESULT rows=1 k=2048 n=355584 pat=tie rep=5 rep=5 outcome=PASS exact=1 repro=1 poison_left=0 ms=0.039 force_single_cta=0 detail=""
SUMMARY rows=1 k=2048 n=355584 pat=tie all_pass=1
CELL_EXIT n=355584 rows=1 k=2048 pat=tie rc=0
### CELL n=355584 rows=1 k=2048 pat=equal
DEVICE name=NVIDIA GB10 cc=12.1 sms=48 sharedPerBlockOptin=101376 sharedPerBlock=49152 sharedPerMultiprocessor=102400
CONST kThreadsPerBlock=1024 RADIX_THRESHOLD=22016 kSmemMedium=35968 kFixedSmemLarge=2080 kDetMaxCtasPerGroup=64 det_fixed512=6400 det_fixed1024=6400 det_fixed2048=6400
DIAG rows=1 k=2048 n=355584 pat=equal rep=0 sms=48 optin=101376 eff_smem=35968 vec=4 static_smem=4256 avail=29632 max_chunk=7408 active_w=355584 ctas0=48 chunk0=7408 smem_pre_det=35968 det_want=94464 dyn_cap=97120 smem=94464 occ=1 coop=1 hw_cap=48 max_res=48 groups=1 total_ctas=48 ctas_pg=48 chunk=7408 FORCE_SINGLE_CTA=0 status=0 took_sampled=0 took_filtered=0 expected_rej=0 msg=""
RESULT rows=1 k=2048 n=355584 pat=equal rep=0 rep=0 outcome=PASS exact=1 repro=1 poison_left=0 ms=0.317 force_single_cta=0 detail=""
RESULT rows=1 k=2048 n=355584 pat=equal rep=1 rep=1 outcome=PASS exact=1 repro=1 poison_left=0 ms=0.041 force_single_cta=0 detail=""
RESULT rows=1 k=2048 n=355584 pat=equal rep=2 rep=2 outcome=PASS exact=1 repro=1 poison_left=0 ms=0.038 force_single_cta=0 detail=""
RESULT rows=1 k=2048 n=355584 pat=equal rep=3 rep=3 outcome=PASS exact=1 repro=1 poison_left=0 ms=0.038 force_single_cta=0 detail=""
RESULT rows=1 k=2048 n=355584 pat=equal rep=4 rep=4 outcome=PASS exact=1 repro=1 poison_left=0 ms=0.039 force_single_cta=0 detail=""
RESULT rows=1 k=2048 n=355584 pat=equal rep=5 rep=5 outcome=PASS exact=1 repro=1 poison_left=0 ms=0.039 force_single_cta=0 detail=""
SUMMARY rows=1 k=2048 n=355584 pat=equal all_pass=1
CELL_EXIT n=355584 rows=1 k=2048 pat=equal rc=0
### CELL n=355584 rows=4 k=512 pat=random
DEVICE name=NVIDIA GB10 cc=12.1 sms=48 sharedPerBlockOptin=101376 sharedPerBlock=49152 sharedPerMultiprocessor=102400
CONST kThreadsPerBlock=1024 RADIX_THRESHOLD=22016 kSmemMedium=35968 kFixedSmemLarge=2080 kDetMaxCtasPerGroup=64 det_fixed512=6400 det_fixed1024=6400 det_fixed2048=6400
DIAG rows=4 k=512 n=355584 pat=random rep=0 sms=48 optin=101376 eff_smem=35968 vec=4 static_smem=4256 avail=29632 max_chunk=7408 active_w=355584 ctas0=48 chunk0=7408 smem_pre_det=35968 det_want=94464 dyn_cap=97120 smem=94464 occ=1 coop=1 hw_cap=48 max_res=48 groups=1 total_ctas=48 ctas_pg=48 chunk=7408 FORCE_SINGLE_CTA=0 status=0 took_sampled=0 took_filtered=0 expected_rej=0 msg=""
RESULT rows=4 k=512 n=355584 pat=random rep=0 rep=0 outcome=PASS exact=1 repro=1 poison_left=0 ms=0.516 force_single_cta=0 detail=""
RESULT rows=4 k=512 n=355584 pat=random rep=1 rep=1 outcome=PASS exact=1 repro=1 poison_left=0 ms=0.128 force_single_cta=0 detail=""
RESULT rows=4 k=512 n=355584 pat=random rep=2 rep=2 outcome=PASS exact=1 repro=1 poison_left=0 ms=0.127 force_single_cta=0 detail=""
RESULT rows=4 k=512 n=355584 pat=random rep=3 rep=3 outcome=PASS exact=1 repro=1 poison_left=0 ms=0.126 force_single_cta=0 detail=""
RESULT rows=4 k=512 n=355584 pat=random rep=4 rep=4 outcome=PASS exact=1 repro=1 poison_left=0 ms=0.131 force_single_cta=0 detail=""
RESULT rows=4 k=512 n=355584 pat=random rep=5 rep=5 outcome=PASS exact=1 repro=1 poison_left=0 ms=0.127 force_single_cta=0 detail=""
SUMMARY rows=4 k=512 n=355584 pat=random all_pass=1
CELL_EXIT n=355584 rows=4 k=512 pat=random rc=0
### CELL n=355584 rows=4 k=512 pat=tie
DEVICE name=NVIDIA GB10 cc=12.1 sms=48 sharedPerBlockOptin=101376 sharedPerBlock=49152 sharedPerMultiprocessor=102400
CONST kThreadsPerBlock=1024 RADIX_THRESHOLD=22016 kSmemMedium=35968 kFixedSmemLarge=2080 kDetMaxCtasPerGroup=64 det_fixed512=6400 det_fixed1024=6400 det_fixed2048=6400
DIAG rows=4 k=512 n=355584 pat=tie rep=0 sms=48 optin=101376 eff_smem=35968 vec=4 static_smem=4256 avail=29632 max_chunk=7408 active_w=355584 ctas0=48 chunk0=7408 smem_pre_det=35968 det_want=94464 dyn_cap=97120 smem=94464 occ=1 coop=1 hw_cap=48 max_res=48 groups=1 total_ctas=48 ctas_pg=48 chunk=7408 FORCE_SINGLE_CTA=0 status=0 took_sampled=0 took_filtered=0 expected_rej=0 msg=""
RESULT rows=4 k=512 n=355584 pat=tie rep=0 rep=0 outcome=PASS exact=1 repro=1 poison_left=0 ms=0.438 force_single_cta=0 detail=""
RESULT rows=4 k=512 n=355584 pat=tie rep=1 rep=1 outcome=PASS exact=1 repro=1 poison_left=0 ms=0.125 force_single_cta=0 detail=""
RESULT rows=4 k=512 n=355584 pat=tie rep=2 rep=2 outcome=PASS exact=1 repro=1 poison_left=0 ms=0.126 force_single_cta=0 detail=""
RESULT rows=4 k=512 n=355584 pat=tie rep=3 rep=3 outcome=PASS exact=1 repro=1 poison_left=0 ms=0.124 force_single_cta=0 detail=""
RESULT rows=4 k=512 n=355584 pat=tie rep=4 rep=4 outcome=PASS exact=1 repro=1 poison_left=0 ms=0.124 force_single_cta=0 detail=""
RESULT rows=4 k=512 n=355584 pat=tie rep=5 rep=5 outcome=PASS exact=1 repro=1 poison_left=0 ms=0.124 force_single_cta=0 detail=""
SUMMARY rows=4 k=512 n=355584 pat=tie all_pass=1
CELL_EXIT n=355584 rows=4 k=512 pat=tie rc=0
### CELL n=355584 rows=4 k=512 pat=equal
DEVICE name=NVIDIA GB10 cc=12.1 sms=48 sharedPerBlockOptin=101376 sharedPerBlock=49152 sharedPerMultiprocessor=102400
CONST kThreadsPerBlock=1024 RADIX_THRESHOLD=22016 kSmemMedium=35968 kFixedSmemLarge=2080 kDetMaxCtasPerGroup=64 det_fixed512=6400 det_fixed1024=6400 det_fixed2048=6400
DIAG rows=4 k=512 n=355584 pat=equal rep=0 sms=48 optin=101376 eff_smem=35968 vec=4 static_smem=4256 avail=29632 max_chunk=7408 active_w=355584 ctas0=48 chunk0=7408 smem_pre_det=35968 det_want=94464 dyn_cap=97120 smem=94464 occ=1 coop=1 hw_cap=48 max_res=48 groups=1 total_ctas=48 ctas_pg=48 chunk=7408 FORCE_SINGLE_CTA=0 status=0 took_sampled=0 took_filtered=0 expected_rej=0 msg=""
RESULT rows=4 k=512 n=355584 pat=equal rep=0 rep=0 outcome=PASS exact=1 repro=1 poison_left=0 ms=0.427 force_single_cta=0 detail=""
RESULT rows=4 k=512 n=355584 pat=equal rep=1 rep=1 outcome=PASS exact=1 repro=1 poison_left=0 ms=0.125 force_single_cta=0 detail=""
RESULT rows=4 k=512 n=355584 pat=equal rep=2 rep=2 outcome=PASS exact=1 repro=1 poison_left=0 ms=0.125 force_single_cta=0 detail=""
RESULT rows=4 k=512 n=355584 pat=equal rep=3 rep=3 outcome=PASS exact=1 repro=1 poison_left=0 ms=0.124 force_single_cta=0 detail=""
RESULT rows=4 k=512 n=355584 pat=equal rep=4 rep=4 outcome=PASS exact=1 repro=1 poison_left=0 ms=0.124 force_single_cta=0 detail=""
RESULT rows=4 k=512 n=355584 pat=equal rep=5 rep=5 outcome=PASS exact=1 repro=1 poison_left=0 ms=0.124 force_single_cta=0 detail=""
SUMMARY rows=4 k=512 n=355584 pat=equal all_pass=1
CELL_EXIT n=355584 rows=4 k=512 pat=equal rc=0
### CELL n=355584 rows=4 k=1024 pat=random
DEVICE name=NVIDIA GB10 cc=12.1 sms=48 sharedPerBlockOptin=101376 sharedPerBlock=49152 sharedPerMultiprocessor=102400
CONST kThreadsPerBlock=1024 RADIX_THRESHOLD=22016 kSmemMedium=35968 kFixedSmemLarge=2080 kDetMaxCtasPerGroup=64 det_fixed512=6400 det_fixed1024=6400 det_fixed2048=6400
DIAG rows=4 k=1024 n=355584 pat=random rep=0 sms=48 optin=101376 eff_smem=35968 vec=4 static_smem=4256 avail=29632 max_chunk=7408 active_w=355584 ctas0=48 chunk0=7408 smem_pre_det=35968 det_want=94464 dyn_cap=97120 smem=94464 occ=1 coop=1 hw_cap=48 max_res=48 groups=1 total_ctas=48 ctas_pg=48 chunk=7408 FORCE_SINGLE_CTA=0 status=0 took_sampled=0 took_filtered=0 expected_rej=0 msg=""
RESULT rows=4 k=1024 n=355584 pat=random rep=0 rep=0 outcome=PASS exact=1 repro=1 poison_left=0 ms=0.588 force_single_cta=0 detail=""
RESULT rows=4 k=1024 n=355584 pat=random rep=1 rep=1 outcome=PASS exact=1 repro=1 poison_left=0 ms=0.125 force_single_cta=0 detail=""
RESULT rows=4 k=1024 n=355584 pat=random rep=2 rep=2 outcome=PASS exact=1 repro=1 poison_left=0 ms=0.123 force_single_cta=0 detail=""
RESULT rows=4 k=1024 n=355584 pat=random rep=3 rep=3 outcome=PASS exact=1 repro=1 poison_left=0 ms=0.125 force_single_cta=0 detail=""
RESULT rows=4 k=1024 n=355584 pat=random rep=4 rep=4 outcome=PASS exact=1 repro=1 poison_left=0 ms=0.124 force_single_cta=0 detail=""
RESULT rows=4 k=1024 n=355584 pat=random rep=5 rep=5 outcome=PASS exact=1 repro=1 poison_left=0 ms=0.123 force_single_cta=0 detail=""
SUMMARY rows=4 k=1024 n=355584 pat=random all_pass=1
CELL_EXIT n=355584 rows=4 k=1024 pat=random rc=0
### CELL n=355584 rows=4 k=1024 pat=tie
DEVICE name=NVIDIA GB10 cc=12.1 sms=48 sharedPerBlockOptin=101376 sharedPerBlock=49152 sharedPerMultiprocessor=102400
CONST kThreadsPerBlock=1024 RADIX_THRESHOLD=22016 kSmemMedium=35968 kFixedSmemLarge=2080 kDetMaxCtasPerGroup=64 det_fixed512=6400 det_fixed1024=6400 det_fixed2048=6400
DIAG rows=4 k=1024 n=355584 pat=tie rep=0 sms=48 optin=101376 eff_smem=35968 vec=4 static_smem=4256 avail=29632 max_chunk=7408 active_w=355584 ctas0=48 chunk0=7408 smem_pre_det=35968 det_want=94464 dyn_cap=97120 smem=94464 occ=1 coop=1 hw_cap=48 max_res=48 groups=1 total_ctas=48 ctas_pg=48 chunk=7408 FORCE_SINGLE_CTA=0 status=0 took_sampled=0 took_filtered=0 expected_rej=0 msg=""
RESULT rows=4 k=1024 n=355584 pat=tie rep=0 rep=0 outcome=PASS exact=1 repro=1 poison_left=0 ms=0.451 force_single_cta=0 detail=""
RESULT rows=4 k=1024 n=355584 pat=tie rep=1 rep=1 outcome=PASS exact=1 repro=1 poison_left=0 ms=0.126 force_single_cta=0 detail=""
RESULT rows=4 k=1024 n=355584 pat=tie rep=2 rep=2 outcome=PASS exact=1 repro=1 poison_left=0 ms=0.124 force_single_cta=0 detail=""
RESULT rows=4 k=1024 n=355584 pat=tie rep=3 rep=3 outcome=PASS exact=1 repro=1 poison_left=0 ms=0.125 force_single_cta=0 detail=""
RESULT rows=4 k=1024 n=355584 pat=tie rep=4 rep=4 outcome=PASS exact=1 repro=1 poison_left=0 ms=0.125 force_single_cta=0 detail=""
RESULT rows=4 k=1024 n=355584 pat=tie rep=5 rep=5 outcome=PASS exact=1 repro=1 poison_left=0 ms=0.124 force_single_cta=0 detail=""
SUMMARY rows=4 k=1024 n=355584 pat=tie all_pass=1
CELL_EXIT n=355584 rows=4 k=1024 pat=tie rc=0
### CELL n=355584 rows=4 k=1024 pat=equal
DEVICE name=NVIDIA GB10 cc=12.1 sms=48 sharedPerBlockOptin=101376 sharedPerBlock=49152 sharedPerMultiprocessor=102400
CONST kThreadsPerBlock=1024 RADIX_THRESHOLD=22016 kSmemMedium=35968 kFixedSmemLarge=2080 kDetMaxCtasPerGroup=64 det_fixed512=6400 det_fixed1024=6400 det_fixed2048=6400
DIAG rows=4 k=1024 n=355584 pat=equal rep=0 sms=48 optin=101376 eff_smem=35968 vec=4 static_smem=4256 avail=29632 max_chunk=7408 active_w=355584 ctas0=48 chunk0=7408 smem_pre_det=35968 det_want=94464 dyn_cap=97120 smem=94464 occ=1 coop=1 hw_cap=48 max_res=48 groups=1 total_ctas=48 ctas_pg=48 chunk=7408 FORCE_SINGLE_CTA=0 status=0 took_sampled=0 took_filtered=0 expected_rej=0 msg=""
RESULT rows=4 k=1024 n=355584 pat=equal rep=0 rep=0 outcome=PASS exact=1 repro=1 poison_left=0 ms=0.432 force_single_cta=0 detail=""
RESULT rows=4 k=1024 n=355584 pat=equal rep=1 rep=1 outcome=PASS exact=1 repro=1 poison_left=0 ms=0.124 force_single_cta=0 detail=""
RESULT rows=4 k=1024 n=355584 pat=equal rep=2 rep=2 outcome=PASS exact=1 repro=1 poison_left=0 ms=0.123 force_single_cta=0 detail=""
RESULT rows=4 k=1024 n=355584 pat=equal rep=3 rep=3 outcome=PASS exact=1 repro=1 poison_left=0 ms=0.124 force_single_cta=0 detail=""
RESULT rows=4 k=1024 n=355584 pat=equal rep=4 rep=4 outcome=PASS exact=1 repro=1 poison_left=0 ms=0.123 force_single_cta=0 detail=""
RESULT rows=4 k=1024 n=355584 pat=equal rep=5 rep=5 outcome=PASS exact=1 repro=1 poison_left=0 ms=0.123 force_single_cta=0 detail=""
SUMMARY rows=4 k=1024 n=355584 pat=equal all_pass=1
CELL_EXIT n=355584 rows=4 k=1024 pat=equal rc=0
### CELL n=355584 rows=4 k=2048 pat=random
DEVICE name=NVIDIA GB10 cc=12.1 sms=48 sharedPerBlockOptin=101376 sharedPerBlock=49152 sharedPerMultiprocessor=102400
CONST kThreadsPerBlock=1024 RADIX_THRESHOLD=22016 kSmemMedium=35968 kFixedSmemLarge=2080 kDetMaxCtasPerGroup=64 det_fixed512=6400 det_fixed1024=6400 det_fixed2048=6400
DIAG rows=4 k=2048 n=355584 pat=random rep=0 sms=48 optin=101376 eff_smem=35968 vec=4 static_smem=4256 avail=29632 max_chunk=7408 active_w=355584 ctas0=48 chunk0=7408 smem_pre_det=35968 det_want=94464 dyn_cap=97120 smem=94464 occ=1 coop=1 hw_cap=48 max_res=48 groups=1 total_ctas=48 ctas_pg=48 chunk=7408 FORCE_SINGLE_CTA=0 status=0 took_sampled=0 took_filtered=0 expected_rej=0 msg=""
RESULT rows=4 k=2048 n=355584 pat=random rep=0 rep=0 outcome=PASS exact=1 repro=1 poison_left=0 ms=0.483 force_single_cta=0 detail=""
RESULT rows=4 k=2048 n=355584 pat=random rep=1 rep=1 outcome=PASS exact=1 repro=1 poison_left=0 ms=0.124 force_single_cta=0 detail=""
RESULT rows=4 k=2048 n=355584 pat=random rep=2 rep=2 outcome=PASS exact=1 repro=1 poison_left=0 ms=0.123 force_single_cta=0 detail=""
RESULT rows=4 k=2048 n=355584 pat=random rep=3 rep=3 outcome=PASS exact=1 repro=1 poison_left=0 ms=0.123 force_single_cta=0 detail=""
RESULT rows=4 k=2048 n=355584 pat=random rep=4 rep=4 outcome=PASS exact=1 repro=1 poison_left=0 ms=0.123 force_single_cta=0 detail=""
RESULT rows=4 k=2048 n=355584 pat=random rep=5 rep=5 outcome=PASS exact=1 repro=1 poison_left=0 ms=0.124 force_single_cta=0 detail=""
SUMMARY rows=4 k=2048 n=355584 pat=random all_pass=1
CELL_EXIT n=355584 rows=4 k=2048 pat=random rc=0
### CELL n=355584 rows=4 k=2048 pat=tie
DEVICE name=NVIDIA GB10 cc=12.1 sms=48 sharedPerBlockOptin=101376 sharedPerBlock=49152 sharedPerMultiprocessor=102400
CONST kThreadsPerBlock=1024 RADIX_THRESHOLD=22016 kSmemMedium=35968 kFixedSmemLarge=2080 kDetMaxCtasPerGroup=64 det_fixed512=6400 det_fixed1024=6400 det_fixed2048=6400
DIAG rows=4 k=2048 n=355584 pat=tie rep=0 sms=48 optin=101376 eff_smem=35968 vec=4 static_smem=4256 avail=29632 max_chunk=7408 active_w=355584 ctas0=48 chunk0=7408 smem_pre_det=35968 det_want=94464 dyn_cap=97120 smem=94464 occ=1 coop=1 hw_cap=48 max_res=48 groups=1 total_ctas=48 ctas_pg=48 chunk=7408 FORCE_SINGLE_CTA=0 status=0 took_sampled=0 took_filtered=0 expected_rej=0 msg=""
RESULT rows=4 k=2048 n=355584 pat=tie rep=0 rep=0 outcome=PASS exact=1 repro=1 poison_left=0 ms=0.460 force_single_cta=0 detail=""
RESULT rows=4 k=2048 n=355584 pat=tie rep=1 rep=1 outcome=PASS exact=1 repro=1 poison_left=0 ms=0.126 force_single_cta=0 detail=""
RESULT rows=4 k=2048 n=355584 pat=tie rep=2 rep=2 outcome=PASS exact=1 repro=1 poison_left=0 ms=0.125 force_single_cta=0 detail=""
RESULT rows=4 k=2048 n=355584 pat=tie rep=3 rep=3 outcome=PASS exact=1 repro=1 poison_left=0 ms=0.125 force_single_cta=0 detail=""
RESULT rows=4 k=2048 n=355584 pat=tie rep=4 rep=4 outcome=PASS exact=1 repro=1 poison_left=0 ms=0.128 force_single_cta=0 detail=""
RESULT rows=4 k=2048 n=355584 pat=tie rep=5 rep=5 outcome=PASS exact=1 repro=1 poison_left=0 ms=0.124 force_single_cta=0 detail=""
SUMMARY rows=4 k=2048 n=355584 pat=tie all_pass=1
CELL_EXIT n=355584 rows=4 k=2048 pat=tie rc=0
### CELL n=355584 rows=4 k=2048 pat=equal
DEVICE name=NVIDIA GB10 cc=12.1 sms=48 sharedPerBlockOptin=101376 sharedPerBlock=49152 sharedPerMultiprocessor=102400
CONST kThreadsPerBlock=1024 RADIX_THRESHOLD=22016 kSmemMedium=35968 kFixedSmemLarge=2080 kDetMaxCtasPerGroup=64 det_fixed512=6400 det_fixed1024=6400 det_fixed2048=6400
DIAG rows=4 k=2048 n=355584 pat=equal rep=0 sms=48 optin=101376 eff_smem=35968 vec=4 static_smem=4256 avail=29632 max_chunk=7408 active_w=355584 ctas0=48 chunk0=7408 smem_pre_det=35968 det_want=94464 dyn_cap=97120 smem=94464 occ=1 coop=1 hw_cap=48 max_res=48 groups=1 total_ctas=48 ctas_pg=48 chunk=7408 FORCE_SINGLE_CTA=0 status=0 took_sampled=0 took_filtered=0 expected_rej=0 msg=""
RESULT rows=4 k=2048 n=355584 pat=equal rep=0 rep=0 outcome=PASS exact=1 repro=1 poison_left=0 ms=0.428 force_single_cta=0 detail=""
RESULT rows=4 k=2048 n=355584 pat=equal rep=1 rep=1 outcome=PASS exact=1 repro=1 poison_left=0 ms=0.125 force_single_cta=0 detail=""
RESULT rows=4 k=2048 n=355584 pat=equal rep=2 rep=2 outcome=PASS exact=1 repro=1 poison_left=0 ms=0.123 force_single_cta=0 detail=""
RESULT rows=4 k=2048 n=355584 pat=equal rep=3 rep=3 outcome=PASS exact=1 repro=1 poison_left=0 ms=0.123 force_single_cta=0 detail=""
RESULT rows=4 k=2048 n=355584 pat=equal rep=4 rep=4 outcome=PASS exact=1 repro=1 poison_left=0 ms=0.123 force_single_cta=0 detail=""
RESULT rows=4 k=2048 n=355584 pat=equal rep=5 rep=5 outcome=PASS exact=1 repro=1 poison_left=0 ms=0.123 force_single_cta=0 detail=""
SUMMARY rows=4 k=2048 n=355584 pat=equal all_pass=1
CELL_EXIT n=355584 rows=4 k=2048 pat=equal rc=0
### CELL n=355588 rows=1 k=512 pat=random
DEVICE name=NVIDIA GB10 cc=12.1 sms=48 sharedPerBlockOptin=101376 sharedPerBlock=49152 sharedPerMultiprocessor=102400
CONST kThreadsPerBlock=1024 RADIX_THRESHOLD=22016 kSmemMedium=35968 kFixedSmemLarge=2080 kDetMaxCtasPerGroup=64 det_fixed512=6400 det_fixed1024=6400 det_fixed2048=6400
DIAG rows=1 k=512 n=355588 pat=random rep=0 sms=48 optin=101376 eff_smem=35968 vec=4 static_smem=4256 avail=29632 max_chunk=7408 active_w=355588 ctas0=49 chunk0=7260 smem_pre_det=35968 det_want=94464 dyn_cap=97120 smem=94464 occ=1 coop=1 hw_cap=48 max_res=48 groups=1 total_ctas=1 ctas_pg=1 chunk=7408 FORCE_SINGLE_CTA=1 status=0 took_sampled=0 took_filtered=0 expected_rej=0 msg=""
RESULT rows=1 k=512 n=355588 pat=random rep=0 rep=0 outcome=PASS exact=1 repro=1 poison_left=0 ms=0.578 force_single_cta=1 detail=""
RESULT rows=1 k=512 n=355588 pat=random rep=1 rep=1 outcome=PASS exact=1 repro=1 poison_left=0 ms=0.257 force_single_cta=1 detail=""
RESULT rows=1 k=512 n=355588 pat=random rep=2 rep=2 outcome=PASS exact=1 repro=1 poison_left=0 ms=0.256 force_single_cta=1 detail=""
RESULT rows=1 k=512 n=355588 pat=random rep=3 rep=3 outcome=PASS exact=1 repro=1 poison_left=0 ms=0.257 force_single_cta=1 detail=""
RESULT rows=1 k=512 n=355588 pat=random rep=4 rep=4 outcome=PASS exact=1 repro=1 poison_left=0 ms=0.256 force_single_cta=1 detail=""
RESULT rows=1 k=512 n=355588 pat=random rep=5 rep=5 outcome=PASS exact=1 repro=1 poison_left=0 ms=0.256 force_single_cta=1 detail=""
SUMMARY rows=1 k=512 n=355588 pat=random all_pass=1
CELL_EXIT n=355588 rows=1 k=512 pat=random rc=0
### CELL n=355588 rows=1 k=512 pat=tie
DEVICE name=NVIDIA GB10 cc=12.1 sms=48 sharedPerBlockOptin=101376 sharedPerBlock=49152 sharedPerMultiprocessor=102400
CONST kThreadsPerBlock=1024 RADIX_THRESHOLD=22016 kSmemMedium=35968 kFixedSmemLarge=2080 kDetMaxCtasPerGroup=64 det_fixed512=6400 det_fixed1024=6400 det_fixed2048=6400
DIAG rows=1 k=512 n=355588 pat=tie rep=0 sms=48 optin=101376 eff_smem=35968 vec=4 static_smem=4256 avail=29632 max_chunk=7408 active_w=355588 ctas0=49 chunk0=7260 smem_pre_det=35968 det_want=94464 dyn_cap=97120 smem=94464 occ=1 coop=1 hw_cap=48 max_res=48 groups=1 total_ctas=1 ctas_pg=1 chunk=7408 FORCE_SINGLE_CTA=1 status=0 took_sampled=0 took_filtered=0 expected_rej=0 msg=""
RESULT rows=1 k=512 n=355588 pat=tie rep=0 rep=0 outcome=PASS exact=1 repro=1 poison_left=0 ms=0.653 force_single_cta=1 detail=""
RESULT rows=1 k=512 n=355588 pat=tie rep=1 rep=1 outcome=PASS exact=1 repro=1 poison_left=0 ms=0.337 force_single_cta=1 detail=""
RESULT rows=1 k=512 n=355588 pat=tie rep=2 rep=2 outcome=PASS exact=1 repro=1 poison_left=0 ms=0.335 force_single_cta=1 detail=""
RESULT rows=1 k=512 n=355588 pat=tie rep=3 rep=3 outcome=PASS exact=1 repro=1 poison_left=0 ms=0.336 force_single_cta=1 detail=""
RESULT rows=1 k=512 n=355588 pat=tie rep=4 rep=4 outcome=PASS exact=1 repro=1 poison_left=0 ms=0.335 force_single_cta=1 detail=""
RESULT rows=1 k=512 n=355588 pat=tie rep=5 rep=5 outcome=PASS exact=1 repro=1 poison_left=0 ms=0.334 force_single_cta=1 detail=""
SUMMARY rows=1 k=512 n=355588 pat=tie all_pass=1
CELL_EXIT n=355588 rows=1 k=512 pat=tie rc=0
### CELL n=355588 rows=1 k=512 pat=equal
DEVICE name=NVIDIA GB10 cc=12.1 sms=48 sharedPerBlockOptin=101376 sharedPerBlock=49152 sharedPerMultiprocessor=102400
CONST kThreadsPerBlock=1024 RADIX_THRESHOLD=22016 kSmemMedium=35968 kFixedSmemLarge=2080 kDetMaxCtasPerGroup=64 det_fixed512=6400 det_fixed1024=6400 det_fixed2048=6400
DIAG rows=1 k=512 n=355588 pat=equal rep=0 sms=48 optin=101376 eff_smem=35968 vec=4 static_smem=4256 avail=29632 max_chunk=7408 active_w=355588 ctas0=49 chunk0=7260 smem_pre_det=35968 det_want=94464 dyn_cap=97120 smem=94464 occ=1 coop=1 hw_cap=48 max_res=48 groups=1 total_ctas=1 ctas_pg=1 chunk=7408 FORCE_SINGLE_CTA=1 status=0 took_sampled=0 took_filtered=0 expected_rej=0 msg=""
RESULT rows=1 k=512 n=355588 pat=equal rep=0 rep=0 outcome=PASS exact=1 repro=1 poison_left=0 ms=0.640 force_single_cta=1 detail=""
RESULT rows=1 k=512 n=355588 pat=equal rep=1 rep=1 outcome=PASS exact=1 repro=1 poison_left=0 ms=0.328 force_single_cta=1 detail=""
RESULT rows=1 k=512 n=355588 pat=equal rep=2 rep=2 outcome=PASS exact=1 repro=1 poison_left=0 ms=0.328 force_single_cta=1 detail=""
RESULT rows=1 k=512 n=355588 pat=equal rep=3 rep=3 outcome=PASS exact=1 repro=1 poison_left=0 ms=0.327 force_single_cta=1 detail=""
RESULT rows=1 k=512 n=355588 pat=equal rep=4 rep=4 outcome=PASS exact=1 repro=1 poison_left=0 ms=0.328 force_single_cta=1 detail=""
RESULT rows=1 k=512 n=355588 pat=equal rep=5 rep=5 outcome=PASS exact=1 repro=1 poison_left=0 ms=0.327 force_single_cta=1 detail=""
SUMMARY rows=1 k=512 n=355588 pat=equal all_pass=1
CELL_EXIT n=355588 rows=1 k=512 pat=equal rc=0
### CELL n=355588 rows=1 k=1024 pat=random
DEVICE name=NVIDIA GB10 cc=12.1 sms=48 sharedPerBlockOptin=101376 sharedPerBlock=49152 sharedPerMultiprocessor=102400
CONST kThreadsPerBlock=1024 RADIX_THRESHOLD=22016 kSmemMedium=35968 kFixedSmemLarge=2080 kDetMaxCtasPerGroup=64 det_fixed512=6400 det_fixed1024=6400 det_fixed2048=6400
DIAG rows=1 k=1024 n=355588 pat=random rep=0 sms=48 optin=101376 eff_smem=35968 vec=4 static_smem=4256 avail=29632 max_chunk=7408 active_w=355588 ctas0=49 chunk0=7260 smem_pre_det=35968 det_want=94464 dyn_cap=97120 smem=94464 occ=1 coop=1 hw_cap=48 max_res=48 groups=1 total_ctas=1 ctas_pg=1 chunk=7408 FORCE_SINGLE_CTA=1 status=0 took_sampled=0 took_filtered=0 expected_rej=0 msg=""
RESULT rows=1 k=1024 n=355588 pat=random rep=0 rep=0 outcome=PASS exact=1 repro=1 poison_left=0 ms=0.627 force_single_cta=1 detail=""
RESULT rows=1 k=1024 n=355588 pat=random rep=1 rep=1 outcome=PASS exact=1 repro=1 poison_left=0 ms=0.319 force_single_cta=1 detail=""
RESULT rows=1 k=1024 n=355588 pat=random rep=2 rep=2 outcome=PASS exact=1 repro=1 poison_left=0 ms=0.318 force_single_cta=1 detail=""
RESULT rows=1 k=1024 n=355588 pat=random rep=3 rep=3 outcome=PASS exact=1 repro=1 poison_left=0 ms=0.318 force_single_cta=1 detail=""
RESULT rows=1 k=1024 n=355588 pat=random rep=4 rep=4 outcome=PASS exact=1 repro=1 poison_left=0 ms=0.317 force_single_cta=1 detail=""
RESULT rows=1 k=1024 n=355588 pat=random rep=5 rep=5 outcome=PASS exact=1 repro=1 poison_left=0 ms=0.319 force_single_cta=1 detail=""
SUMMARY rows=1 k=1024 n=355588 pat=random all_pass=1
CELL_EXIT n=355588 rows=1 k=1024 pat=random rc=0
### CELL n=355588 rows=1 k=1024 pat=tie
DEVICE name=NVIDIA GB10 cc=12.1 sms=48 sharedPerBlockOptin=101376 sharedPerBlock=49152 sharedPerMultiprocessor=102400
CONST kThreadsPerBlock=1024 RADIX_THRESHOLD=22016 kSmemMedium=35968 kFixedSmemLarge=2080 kDetMaxCtasPerGroup=64 det_fixed512=6400 det_fixed1024=6400 det_fixed2048=6400
DIAG rows=1 k=1024 n=355588 pat=tie rep=0 sms=48 optin=101376 eff_smem=35968 vec=4 static_smem=4256 avail=29632 max_chunk=7408 active_w=355588 ctas0=49 chunk0=7260 smem_pre_det=35968 det_want=94464 dyn_cap=97120 smem=94464 occ=1 coop=1 hw_cap=48 max_res=48 groups=1 total_ctas=1 ctas_pg=1 chunk=7408 FORCE_SINGLE_CTA=1 status=0 took_sampled=0 took_filtered=0 expected_rej=0 msg=""
RESULT rows=1 k=1024 n=355588 pat=tie rep=0 rep=0 outcome=PASS exact=1 repro=1 poison_left=0 ms=0.658 force_single_cta=1 detail=""
RESULT rows=1 k=1024 n=355588 pat=tie rep=1 rep=1 outcome=PASS exact=1 repro=1 poison_left=0 ms=0.337 force_single_cta=1 detail=""
RESULT rows=1 k=1024 n=355588 pat=tie rep=2 rep=2 outcome=PASS exact=1 repro=1 poison_left=0 ms=0.337 force_single_cta=1 detail=""
RESULT rows=1 k=1024 n=355588 pat=tie rep=3 rep=3 outcome=PASS exact=1 repro=1 poison_left=0 ms=0.336 force_single_cta=1 detail=""
RESULT rows=1 k=1024 n=355588 pat=tie rep=4 rep=4 outcome=PASS exact=1 repro=1 poison_left=0 ms=0.335 force_single_cta=1 detail=""
RESULT rows=1 k=1024 n=355588 pat=tie rep=5 rep=5 outcome=PASS exact=1 repro=1 poison_left=0 ms=0.335 force_single_cta=1 detail=""
SUMMARY rows=1 k=1024 n=355588 pat=tie all_pass=1
CELL_EXIT n=355588 rows=1 k=1024 pat=tie rc=0
### CELL n=355588 rows=1 k=1024 pat=equal
DEVICE name=NVIDIA GB10 cc=12.1 sms=48 sharedPerBlockOptin=101376 sharedPerBlock=49152 sharedPerMultiprocessor=102400
CONST kThreadsPerBlock=1024 RADIX_THRESHOLD=22016 kSmemMedium=35968 kFixedSmemLarge=2080 kDetMaxCtasPerGroup=64 det_fixed512=6400 det_fixed1024=6400 det_fixed2048=6400
DIAG rows=1 k=1024 n=355588 pat=equal rep=0 sms=48 optin=101376 eff_smem=35968 vec=4 static_smem=4256 avail=29632 max_chunk=7408 active_w=355588 ctas0=49 chunk0=7260 smem_pre_det=35968 det_want=94464 dyn_cap=97120 smem=94464 occ=1 coop=1 hw_cap=48 max_res=48 groups=1 total_ctas=1 ctas_pg=1 chunk=7408 FORCE_SINGLE_CTA=1 status=0 took_sampled=0 took_filtered=0 expected_rej=0 msg=""
RESULT rows=1 k=1024 n=355588 pat=equal rep=0 rep=0 outcome=PASS exact=1 repro=1 poison_left=0 ms=0.626 force_single_cta=1 detail=""
RESULT rows=1 k=1024 n=355588 pat=equal rep=1 rep=1 outcome=PASS exact=1 repro=1 poison_left=0 ms=0.328 force_single_cta=1 detail=""
RESULT rows=1 k=1024 n=355588 pat=equal rep=2 rep=2 outcome=PASS exact=1 repro=1 poison_left=0 ms=0.328 force_single_cta=1 detail=""
RESULT rows=1 k=1024 n=355588 pat=equal rep=3 rep=3 outcome=PASS exact=1 repro=1 poison_left=0 ms=0.328 force_single_cta=1 detail=""
RESULT rows=1 k=1024 n=355588 pat=equal rep=4 rep=4 outcome=PASS exact=1 repro=1 poison_left=0 ms=0.328 force_single_cta=1 detail=""
RESULT rows=1 k=1024 n=355588 pat=equal rep=5 rep=5 outcome=PASS exact=1 repro=1 poison_left=0 ms=0.329 force_single_cta=1 detail=""
SUMMARY rows=1 k=1024 n=355588 pat=equal all_pass=1
CELL_EXIT n=355588 rows=1 k=1024 pat=equal rc=0
### CELL n=355588 rows=1 k=2048 pat=random
DEVICE name=NVIDIA GB10 cc=12.1 sms=48 sharedPerBlockOptin=101376 sharedPerBlock=49152 sharedPerMultiprocessor=102400
CONST kThreadsPerBlock=1024 RADIX_THRESHOLD=22016 kSmemMedium=35968 kFixedSmemLarge=2080 kDetMaxCtasPerGroup=64 det_fixed512=6400 det_fixed1024=6400 det_fixed2048=6400
DIAG rows=1 k=2048 n=355588 pat=random rep=0 sms=48 optin=101376 eff_smem=35968 vec=4 static_smem=4256 avail=29632 max_chunk=7408 active_w=355588 ctas0=49 chunk0=7260 smem_pre_det=35968 det_want=94464 dyn_cap=97120 smem=94464 occ=1 coop=1 hw_cap=48 max_res=48 groups=1 total_ctas=1 ctas_pg=1 chunk=7408 FORCE_SINGLE_CTA=1 status=0 took_sampled=0 took_filtered=0 expected_rej=0 msg=""
RESULT rows=1 k=2048 n=355588 pat=random rep=0 rep=0 outcome=PASS exact=1 repro=1 poison_left=0 ms=0.662 force_single_cta=1 detail=""
RESULT rows=1 k=2048 n=355588 pat=random rep=1 rep=1 outcome=PASS exact=1 repro=1 poison_left=0 ms=0.320 force_single_cta=1 detail=""
RESULT rows=1 k=2048 n=355588 pat=random rep=2 rep=2 outcome=PASS exact=1 repro=1 poison_left=0 ms=0.319 force_single_cta=1 detail=""
RESULT rows=1 k=2048 n=355588 pat=random rep=3 rep=3 outcome=PASS exact=1 repro=1 poison_left=0 ms=0.317 force_single_cta=1 detail=""
RESULT rows=1 k=2048 n=355588 pat=random rep=4 rep=4 outcome=PASS exact=1 repro=1 poison_left=0 ms=0.318 force_single_cta=1 detail=""
RESULT rows=1 k=2048 n=355588 pat=random rep=5 rep=5 outcome=PASS exact=1 repro=1 poison_left=0 ms=0.319 force_single_cta=1 detail=""
SUMMARY rows=1 k=2048 n=355588 pat=random all_pass=1
CELL_EXIT n=355588 rows=1 k=2048 pat=random rc=0
### CELL n=355588 rows=1 k=2048 pat=tie
DEVICE name=NVIDIA GB10 cc=12.1 sms=48 sharedPerBlockOptin=101376 sharedPerBlock=49152 sharedPerMultiprocessor=102400
CONST kThreadsPerBlock=1024 RADIX_THRESHOLD=22016 kSmemMedium=35968 kFixedSmemLarge=2080 kDetMaxCtasPerGroup=64 det_fixed512=6400 det_fixed1024=6400 det_fixed2048=6400
DIAG rows=1 k=2048 n=355588 pat=tie rep=0 sms=48 optin=101376 eff_smem=35968 vec=4 static_smem=4256 avail=29632 max_chunk=7408 active_w=355588 ctas0=49 chunk0=7260 smem_pre_det=35968 det_want=94464 dyn_cap=97120 smem=94464 occ=1 coop=1 hw_cap=48 max_res=48 groups=1 total_ctas=1 ctas_pg=1 chunk=7408 FORCE_SINGLE_CTA=1 status=0 took_sampled=0 took_filtered=0 expected_rej=0 msg=""
RESULT rows=1 k=2048 n=355588 pat=tie rep=0 rep=0 outcome=PASS exact=1 repro=1 poison_left=0 ms=0.633 force_single_cta=1 detail=""
RESULT rows=1 k=2048 n=355588 pat=tie rep=1 rep=1 outcome=PASS exact=1 repro=1 poison_left=0 ms=0.336 force_single_cta=1 detail=""
RESULT rows=1 k=2048 n=355588 pat=tie rep=2 rep=2 outcome=PASS exact=1 repro=1 poison_left=0 ms=0.335 force_single_cta=1 detail=""
RESULT rows=1 k=2048 n=355588 pat=tie rep=3 rep=3 outcome=PASS exact=1 repro=1 poison_left=0 ms=0.334 force_single_cta=1 detail=""
RESULT rows=1 k=2048 n=355588 pat=tie rep=4 rep=4 outcome=PASS exact=1 repro=1 poison_left=0 ms=0.335 force_single_cta=1 detail=""
RESULT rows=1 k=2048 n=355588 pat=tie rep=5 rep=5 outcome=PASS exact=1 repro=1 poison_left=0 ms=0.334 force_single_cta=1 detail=""
SUMMARY rows=1 k=2048 n=355588 pat=tie all_pass=1
CELL_EXIT n=355588 rows=1 k=2048 pat=tie rc=0
### CELL n=355588 rows=1 k=2048 pat=equal
DEVICE name=NVIDIA GB10 cc=12.1 sms=48 sharedPerBlockOptin=101376 sharedPerBlock=49152 sharedPerMultiprocessor=102400
CONST kThreadsPerBlock=1024 RADIX_THRESHOLD=22016 kSmemMedium=35968 kFixedSmemLarge=2080 kDetMaxCtasPerGroup=64 det_fixed512=6400 det_fixed1024=6400 det_fixed2048=6400
DIAG rows=1 k=2048 n=355588 pat=equal rep=0 sms=48 optin=101376 eff_smem=35968 vec=4 static_smem=4256 avail=29632 max_chunk=7408 active_w=355588 ctas0=49 chunk0=7260 smem_pre_det=35968 det_want=94464 dyn_cap=97120 smem=94464 occ=1 coop=1 hw_cap=48 max_res=48 groups=1 total_ctas=1 ctas_pg=1 chunk=7408 FORCE_SINGLE_CTA=1 status=0 took_sampled=0 took_filtered=0 expected_rej=0 msg=""
RESULT rows=1 k=2048 n=355588 pat=equal rep=0 rep=0 outcome=PASS exact=1 repro=1 poison_left=0 ms=0.679 force_single_cta=1 detail=""
RESULT rows=1 k=2048 n=355588 pat=equal rep=1 rep=1 outcome=PASS exact=1 repro=1 poison_left=0 ms=0.329 force_single_cta=1 detail=""
RESULT rows=1 k=2048 n=355588 pat=equal rep=2 rep=2 outcome=PASS exact=1 repro=1 poison_left=0 ms=0.329 force_single_cta=1 detail=""
RESULT rows=1 k=2048 n=355588 pat=equal rep=3 rep=3 outcome=PASS exact=1 repro=1 poison_left=0 ms=0.328 force_single_cta=1 detail=""
RESULT rows=1 k=2048 n=355588 pat=equal rep=4 rep=4 outcome=PASS exact=1 repro=1 poison_left=0 ms=0.327 force_single_cta=1 detail=""
RESULT rows=1 k=2048 n=355588 pat=equal rep=5 rep=5 outcome=PASS exact=1 repro=1 poison_left=0 ms=0.327 force_single_cta=1 detail=""
SUMMARY rows=1 k=2048 n=355588 pat=equal all_pass=1
CELL_EXIT n=355588 rows=1 k=2048 pat=equal rc=0
### CELL n=355588 rows=4 k=512 pat=random
DEVICE name=NVIDIA GB10 cc=12.1 sms=48 sharedPerBlockOptin=101376 sharedPerBlock=49152 sharedPerMultiprocessor=102400
CONST kThreadsPerBlock=1024 RADIX_THRESHOLD=22016 kSmemMedium=35968 kFixedSmemLarge=2080 kDetMaxCtasPerGroup=64 det_fixed512=6400 det_fixed1024=6400 det_fixed2048=6400
DIAG rows=4 k=512 n=355588 pat=random rep=0 sms=48 optin=101376 eff_smem=35968 vec=4 static_smem=4256 avail=29632 max_chunk=7408 active_w=355588 ctas0=49 chunk0=7260 smem_pre_det=35968 det_want=94464 dyn_cap=97120 smem=94464 occ=1 coop=1 hw_cap=48 max_res=48 groups=4 total_ctas=4 ctas_pg=1 chunk=7408 FORCE_SINGLE_CTA=1 status=0 took_sampled=0 took_filtered=0 expected_rej=0 msg=""
RESULT rows=4 k=512 n=355588 pat=random rep=0 rep=0 outcome=PASS exact=1 repro=1 poison_left=0 ms=0.712 force_single_cta=1 detail=""
RESULT rows=4 k=512 n=355588 pat=random rep=1 rep=1 outcome=PASS exact=1 repro=1 poison_left=0 ms=0.319 force_single_cta=1 detail=""
RESULT rows=4 k=512 n=355588 pat=random rep=2 rep=2 outcome=PASS exact=1 repro=1 poison_left=0 ms=0.319 force_single_cta=1 detail=""
RESULT rows=4 k=512 n=355588 pat=random rep=3 rep=3 outcome=PASS exact=1 repro=1 poison_left=0 ms=0.317 force_single_cta=1 detail=""
RESULT rows=4 k=512 n=355588 pat=random rep=4 rep=4 outcome=PASS exact=1 repro=1 poison_left=0 ms=0.317 force_single_cta=1 detail=""
RESULT rows=4 k=512 n=355588 pat=random rep=5 rep=5 outcome=PASS exact=1 repro=1 poison_left=0 ms=0.318 force_single_cta=1 detail=""
SUMMARY rows=4 k=512 n=355588 pat=random all_pass=1
CELL_EXIT n=355588 rows=4 k=512 pat=random rc=0
### CELL n=355588 rows=4 k=512 pat=tie
DEVICE name=NVIDIA GB10 cc=12.1 sms=48 sharedPerBlockOptin=101376 sharedPerBlock=49152 sharedPerMultiprocessor=102400
CONST kThreadsPerBlock=1024 RADIX_THRESHOLD=22016 kSmemMedium=35968 kFixedSmemLarge=2080 kDetMaxCtasPerGroup=64 det_fixed512=6400 det_fixed1024=6400 det_fixed2048=6400
DIAG rows=4 k=512 n=355588 pat=tie rep=0 sms=48 optin=101376 eff_smem=35968 vec=4 static_smem=4256 avail=29632 max_chunk=7408 active_w=355588 ctas0=49 chunk0=7260 smem_pre_det=35968 det_want=94464 dyn_cap=97120 smem=94464 occ=1 coop=1 hw_cap=48 max_res=48 groups=4 total_ctas=4 ctas_pg=1 chunk=7408 FORCE_SINGLE_CTA=1 status=0 took_sampled=0 took_filtered=0 expected_rej=0 msg=""
RESULT rows=4 k=512 n=355588 pat=tie rep=0 rep=0 outcome=PASS exact=1 repro=1 poison_left=0 ms=0.687 force_single_cta=1 detail=""
RESULT rows=4 k=512 n=355588 pat=tie rep=1 rep=1 outcome=PASS exact=1 repro=1 poison_left=0 ms=0.337 force_single_cta=1 detail=""
RESULT rows=4 k=512 n=355588 pat=tie rep=2 rep=2 outcome=PASS exact=1 repro=1 poison_left=0 ms=0.337 force_single_cta=1 detail=""
RESULT rows=4 k=512 n=355588 pat=tie rep=3 rep=3 outcome=PASS exact=1 repro=1 poison_left=0 ms=0.334 force_single_cta=1 detail=""
RESULT rows=4 k=512 n=355588 pat=tie rep=4 rep=4 outcome=PASS exact=1 repro=1 poison_left=0 ms=0.336 force_single_cta=1 detail=""
RESULT rows=4 k=512 n=355588 pat=tie rep=5 rep=5 outcome=PASS exact=1 repro=1 poison_left=0 ms=0.336 force_single_cta=1 detail=""
SUMMARY rows=4 k=512 n=355588 pat=tie all_pass=1
CELL_EXIT n=355588 rows=4 k=512 pat=tie rc=0
### CELL n=355588 rows=4 k=512 pat=equal
DEVICE name=NVIDIA GB10 cc=12.1 sms=48 sharedPerBlockOptin=101376 sharedPerBlock=49152 sharedPerMultiprocessor=102400
CONST kThreadsPerBlock=1024 RADIX_THRESHOLD=22016 kSmemMedium=35968 kFixedSmemLarge=2080 kDetMaxCtasPerGroup=64 det_fixed512=6400 det_fixed1024=6400 det_fixed2048=6400
DIAG rows=4 k=512 n=355588 pat=equal rep=0 sms=48 optin=101376 eff_smem=35968 vec=4 static_smem=4256 avail=29632 max_chunk=7408 active_w=355588 ctas0=49 chunk0=7260 smem_pre_det=35968 det_want=94464 dyn_cap=97120 smem=94464 occ=1 coop=1 hw_cap=48 max_res=48 groups=4 total_ctas=4 ctas_pg=1 chunk=7408 FORCE_SINGLE_CTA=1 status=0 took_sampled=0 took_filtered=0 expected_rej=0 msg=""
RESULT rows=4 k=512 n=355588 pat=equal rep=0 rep=0 outcome=PASS exact=1 repro=1 poison_left=0 ms=0.637 force_single_cta=1 detail=""
RESULT rows=4 k=512 n=355588 pat=equal rep=1 rep=1 outcome=PASS exact=1 repro=1 poison_left=0 ms=0.330 force_single_cta=1 detail=""
RESULT rows=4 k=512 n=355588 pat=equal rep=2 rep=2 outcome=PASS exact=1 repro=1 poison_left=0 ms=0.329 force_single_cta=1 detail=""
RESULT rows=4 k=512 n=355588 pat=equal rep=3 rep=3 outcome=PASS exact=1 repro=1 poison_left=0 ms=0.328 force_single_cta=1 detail=""
RESULT rows=4 k=512 n=355588 pat=equal rep=4 rep=4 outcome=PASS exact=1 repro=1 poison_left=0 ms=0.328 force_single_cta=1 detail=""
RESULT rows=4 k=512 n=355588 pat=equal rep=5 rep=5 outcome=PASS exact=1 repro=1 poison_left=0 ms=0.328 force_single_cta=1 detail=""
SUMMARY rows=4 k=512 n=355588 pat=equal all_pass=1
CELL_EXIT n=355588 rows=4 k=512 pat=equal rc=0
### CELL n=355588 rows=4 k=1024 pat=random
DEVICE name=NVIDIA GB10 cc=12.1 sms=48 sharedPerBlockOptin=101376 sharedPerBlock=49152 sharedPerMultiprocessor=102400
CONST kThreadsPerBlock=1024 RADIX_THRESHOLD=22016 kSmemMedium=35968 kFixedSmemLarge=2080 kDetMaxCtasPerGroup=64 det_fixed512=6400 det_fixed1024=6400 det_fixed2048=6400
DIAG rows=4 k=1024 n=355588 pat=random rep=0 sms=48 optin=101376 eff_smem=35968 vec=4 static_smem=4256 avail=29632 max_chunk=7408 active_w=355588 ctas0=49 chunk0=7260 smem_pre_det=35968 det_want=94464 dyn_cap=97120 smem=94464 occ=1 coop=1 hw_cap=48 max_res=48 groups=4 total_ctas=4 ctas_pg=1 chunk=7408 FORCE_SINGLE_CTA=1 status=0 took_sampled=0 took_filtered=0 expected_rej=0 msg=""
RESULT rows=4 k=1024 n=355588 pat=random rep=0 rep=0 outcome=PASS exact=1 repro=1 poison_left=0 ms=0.714 force_single_cta=1 detail=""
RESULT rows=4 k=1024 n=355588 pat=random rep=1 rep=1 outcome=PASS exact=1 repro=1 poison_left=0 ms=0.322 force_single_cta=1 detail=""
RESULT rows=4 k=1024 n=355588 pat=random rep=2 rep=2 outcome=PASS exact=1 repro=1 poison_left=0 ms=0.320 force_single_cta=1 detail=""
RESULT rows=4 k=1024 n=355588 pat=random rep=3 rep=3 outcome=PASS exact=1 repro=1 poison_left=0 ms=0.319 force_single_cta=1 detail=""
RESULT rows=4 k=1024 n=355588 pat=random rep=4 rep=4 outcome=PASS exact=1 repro=1 poison_left=0 ms=0.320 force_single_cta=1 detail=""
RESULT rows=4 k=1024 n=355588 pat=random rep=5 rep=5 outcome=PASS exact=1 repro=1 poison_left=0 ms=0.318 force_single_cta=1 detail=""
SUMMARY rows=4 k=1024 n=355588 pat=random all_pass=1
CELL_EXIT n=355588 rows=4 k=1024 pat=random rc=0
### CELL n=355588 rows=4 k=1024 pat=tie
DEVICE name=NVIDIA GB10 cc=12.1 sms=48 sharedPerBlockOptin=101376 sharedPerBlock=49152 sharedPerMultiprocessor=102400
CONST kThreadsPerBlock=1024 RADIX_THRESHOLD=22016 kSmemMedium=35968 kFixedSmemLarge=2080 kDetMaxCtasPerGroup=64 det_fixed512=6400 det_fixed1024=6400 det_fixed2048=6400
DIAG rows=4 k=1024 n=355588 pat=tie rep=0 sms=48 optin=101376 eff_smem=35968 vec=4 static_smem=4256 avail=29632 max_chunk=7408 active_w=355588 ctas0=49 chunk0=7260 smem_pre_det=35968 det_want=94464 dyn_cap=97120 smem=94464 occ=1 coop=1 hw_cap=48 max_res=48 groups=4 total_ctas=4 ctas_pg=1 chunk=7408 FORCE_SINGLE_CTA=1 status=0 took_sampled=0 took_filtered=0 expected_rej=0 msg=""
RESULT rows=4 k=1024 n=355588 pat=tie rep=0 rep=0 outcome=PASS exact=1 repro=1 poison_left=0 ms=0.659 force_single_cta=1 detail=""
RESULT rows=4 k=1024 n=355588 pat=tie rep=1 rep=1 outcome=PASS exact=1 repro=1 poison_left=0 ms=0.340 force_single_cta=1 detail=""
RESULT rows=4 k=1024 n=355588 pat=tie rep=2 rep=2 outcome=PASS exact=1 repro=1 poison_left=0 ms=0.339 force_single_cta=1 detail=""
RESULT rows=4 k=1024 n=355588 pat=tie rep=3 rep=3 outcome=PASS exact=1 repro=1 poison_left=0 ms=0.338 force_single_cta=1 detail=""
RESULT rows=4 k=1024 n=355588 pat=tie rep=4 rep=4 outcome=PASS exact=1 repro=1 poison_left=0 ms=0.337 force_single_cta=1 detail=""
RESULT rows=4 k=1024 n=355588 pat=tie rep=5 rep=5 outcome=PASS exact=1 repro=1 poison_left=0 ms=0.337 force_single_cta=1 detail=""
SUMMARY rows=4 k=1024 n=355588 pat=tie all_pass=1
CELL_EXIT n=355588 rows=4 k=1024 pat=tie rc=0
### CELL n=355588 rows=4 k=1024 pat=equal
DEVICE name=NVIDIA GB10 cc=12.1 sms=48 sharedPerBlockOptin=101376 sharedPerBlock=49152 sharedPerMultiprocessor=102400
CONST kThreadsPerBlock=1024 RADIX_THRESHOLD=22016 kSmemMedium=35968 kFixedSmemLarge=2080 kDetMaxCtasPerGroup=64 det_fixed512=6400 det_fixed1024=6400 det_fixed2048=6400
DIAG rows=4 k=1024 n=355588 pat=equal rep=0 sms=48 optin=101376 eff_smem=35968 vec=4 static_smem=4256 avail=29632 max_chunk=7408 active_w=355588 ctas0=49 chunk0=7260 smem_pre_det=35968 det_want=94464 dyn_cap=97120 smem=94464 occ=1 coop=1 hw_cap=48 max_res=48 groups=4 total_ctas=4 ctas_pg=1 chunk=7408 FORCE_SINGLE_CTA=1 status=0 took_sampled=0 took_filtered=0 expected_rej=0 msg=""
RESULT rows=4 k=1024 n=355588 pat=equal rep=0 rep=0 outcome=PASS exact=1 repro=1 poison_left=0 ms=0.672 force_single_cta=1 detail=""
RESULT rows=4 k=1024 n=355588 pat=equal rep=1 rep=1 outcome=PASS exact=1 repro=1 poison_left=0 ms=0.333 force_single_cta=1 detail=""
RESULT rows=4 k=1024 n=355588 pat=equal rep=2 rep=2 outcome=PASS exact=1 repro=1 poison_left=0 ms=0.332 force_single_cta=1 detail=""
RESULT rows=4 k=1024 n=355588 pat=equal rep=3 rep=3 outcome=PASS exact=1 repro=1 poison_left=0 ms=0.330 force_single_cta=1 detail=""
RESULT rows=4 k=1024 n=355588 pat=equal rep=4 rep=4 outcome=PASS exact=1 repro=1 poison_left=0 ms=0.330 force_single_cta=1 detail=""
RESULT rows=4 k=1024 n=355588 pat=equal rep=5 rep=5 outcome=PASS exact=1 repro=1 poison_left=0 ms=0.328 force_single_cta=1 detail=""
SUMMARY rows=4 k=1024 n=355588 pat=equal all_pass=1
CELL_EXIT n=355588 rows=4 k=1024 pat=equal rc=0
### CELL n=355588 rows=4 k=2048 pat=random
DEVICE name=NVIDIA GB10 cc=12.1 sms=48 sharedPerBlockOptin=101376 sharedPerBlock=49152 sharedPerMultiprocessor=102400
CONST kThreadsPerBlock=1024 RADIX_THRESHOLD=22016 kSmemMedium=35968 kFixedSmemLarge=2080 kDetMaxCtasPerGroup=64 det_fixed512=6400 det_fixed1024=6400 det_fixed2048=6400
DIAG rows=4 k=2048 n=355588 pat=random rep=0 sms=48 optin=101376 eff_smem=35968 vec=4 static_smem=4256 avail=29632 max_chunk=7408 active_w=355588 ctas0=49 chunk0=7260 smem_pre_det=35968 det_want=94464 dyn_cap=97120 smem=94464 occ=1 coop=1 hw_cap=48 max_res=48 groups=4 total_ctas=4 ctas_pg=1 chunk=7408 FORCE_SINGLE_CTA=1 status=0 took_sampled=0 took_filtered=0 expected_rej=0 msg=""
RESULT rows=4 k=2048 n=355588 pat=random rep=0 rep=0 outcome=PASS exact=1 repro=1 poison_left=0 ms=0.663 force_single_cta=1 detail=""
RESULT rows=4 k=2048 n=355588 pat=random rep=1 rep=1 outcome=PASS exact=1 repro=1 poison_left=0 ms=0.320 force_single_cta=1 detail=""
RESULT rows=4 k=2048 n=355588 pat=random rep=2 rep=2 outcome=PASS exact=1 repro=1 poison_left=0 ms=0.318 force_single_cta=1 detail=""
RESULT rows=4 k=2048 n=355588 pat=random rep=3 rep=3 outcome=PASS exact=1 repro=1 poison_left=0 ms=0.317 force_single_cta=1 detail=""
RESULT rows=4 k=2048 n=355588 pat=random rep=4 rep=4 outcome=PASS exact=1 repro=1 poison_left=0 ms=0.321 force_single_cta=1 detail=""
RESULT rows=4 k=2048 n=355588 pat=random rep=5 rep=5 outcome=PASS exact=1 repro=1 poison_left=0 ms=0.317 force_single_cta=1 detail=""
SUMMARY rows=4 k=2048 n=355588 pat=random all_pass=1
CELL_EXIT n=355588 rows=4 k=2048 pat=random rc=0
### CELL n=355588 rows=4 k=2048 pat=tie
DEVICE name=NVIDIA GB10 cc=12.1 sms=48 sharedPerBlockOptin=101376 sharedPerBlock=49152 sharedPerMultiprocessor=102400
CONST kThreadsPerBlock=1024 RADIX_THRESHOLD=22016 kSmemMedium=35968 kFixedSmemLarge=2080 kDetMaxCtasPerGroup=64 det_fixed512=6400 det_fixed1024=6400 det_fixed2048=6400
DIAG rows=4 k=2048 n=355588 pat=tie rep=0 sms=48 optin=101376 eff_smem=35968 vec=4 static_smem=4256 avail=29632 max_chunk=7408 active_w=355588 ctas0=49 chunk0=7260 smem_pre_det=35968 det_want=94464 dyn_cap=97120 smem=94464 occ=1 coop=1 hw_cap=48 max_res=48 groups=4 total_ctas=4 ctas_pg=1 chunk=7408 FORCE_SINGLE_CTA=1 status=0 took_sampled=0 took_filtered=0 expected_rej=0 msg=""
RESULT rows=4 k=2048 n=355588 pat=tie rep=0 rep=0 outcome=PASS exact=1 repro=1 poison_left=0 ms=0.656 force_single_cta=1 detail=""
RESULT rows=4 k=2048 n=355588 pat=tie rep=1 rep=1 outcome=PASS exact=1 repro=1 poison_left=0 ms=0.336 force_single_cta=1 detail=""
RESULT rows=4 k=2048 n=355588 pat=tie rep=2 rep=2 outcome=PASS exact=1 repro=1 poison_left=0 ms=0.336 force_single_cta=1 detail=""
RESULT rows=4 k=2048 n=355588 pat=tie rep=3 rep=3 outcome=PASS exact=1 repro=1 poison_left=0 ms=0.336 force_single_cta=1 detail=""
RESULT rows=4 k=2048 n=355588 pat=tie rep=4 rep=4 outcome=PASS exact=1 repro=1 poison_left=0 ms=0.335 force_single_cta=1 detail=""
RESULT rows=4 k=2048 n=355588 pat=tie rep=5 rep=5 outcome=PASS exact=1 repro=1 poison_left=0 ms=0.334 force_single_cta=1 detail=""
SUMMARY rows=4 k=2048 n=355588 pat=tie all_pass=1
CELL_EXIT n=355588 rows=4 k=2048 pat=tie rc=0
### CELL n=355588 rows=4 k=2048 pat=equal
DEVICE name=NVIDIA GB10 cc=12.1 sms=48 sharedPerBlockOptin=101376 sharedPerBlock=49152 sharedPerMultiprocessor=102400
CONST kThreadsPerBlock=1024 RADIX_THRESHOLD=22016 kSmemMedium=35968 kFixedSmemLarge=2080 kDetMaxCtasPerGroup=64 det_fixed512=6400 det_fixed1024=6400 det_fixed2048=6400
DIAG rows=4 k=2048 n=355588 pat=equal rep=0 sms=48 optin=101376 eff_smem=35968 vec=4 static_smem=4256 avail=29632 max_chunk=7408 active_w=355588 ctas0=49 chunk0=7260 smem_pre_det=35968 det_want=94464 dyn_cap=97120 smem=94464 occ=1 coop=1 hw_cap=48 max_res=48 groups=4 total_ctas=4 ctas_pg=1 chunk=7408 FORCE_SINGLE_CTA=1 status=0 took_sampled=0 took_filtered=0 expected_rej=0 msg=""
RESULT rows=4 k=2048 n=355588 pat=equal rep=0 rep=0 outcome=PASS exact=1 repro=1 poison_left=0 ms=0.641 force_single_cta=1 detail=""
RESULT rows=4 k=2048 n=355588 pat=equal rep=1 rep=1 outcome=PASS exact=1 repro=1 poison_left=0 ms=0.330 force_single_cta=1 detail=""
RESULT rows=4 k=2048 n=355588 pat=equal rep=2 rep=2 outcome=PASS exact=1 repro=1 poison_left=0 ms=0.328 force_single_cta=1 detail=""
RESULT rows=4 k=2048 n=355588 pat=equal rep=3 rep=3 outcome=PASS exact=1 repro=1 poison_left=0 ms=0.327 force_single_cta=1 detail=""
RESULT rows=4 k=2048 n=355588 pat=equal rep=4 rep=4 outcome=PASS exact=1 repro=1 poison_left=0 ms=0.327 force_single_cta=1 detail=""
RESULT rows=4 k=2048 n=355588 pat=equal rep=5 rep=5 outcome=PASS exact=1 repro=1 poison_left=0 ms=0.327 force_single_cta=1 detail=""
SUMMARY rows=4 k=2048 n=355588 pat=equal all_pass=1
CELL_EXIT n=355588 rows=4 k=2048 pat=equal rc=0
### CELL n=400000 rows=1 k=512 pat=random
DEVICE name=NVIDIA GB10 cc=12.1 sms=48 sharedPerBlockOptin=101376 sharedPerBlock=49152 sharedPerMultiprocessor=102400
CONST kThreadsPerBlock=1024 RADIX_THRESHOLD=22016 kSmemMedium=35968 kFixedSmemLarge=2080 kDetMaxCtasPerGroup=64 det_fixed512=6400 det_fixed1024=6400 det_fixed2048=6400
DIAG rows=1 k=512 n=400000 pat=random rep=0 sms=48 optin=101376 eff_smem=35968 vec=4 static_smem=4256 avail=29632 max_chunk=7408 active_w=400000 ctas0=54 chunk0=7408 smem_pre_det=35968 det_want=94464 dyn_cap=97120 smem=94464 occ=1 coop=1 hw_cap=48 max_res=48 groups=1 total_ctas=1 ctas_pg=1 chunk=7408 FORCE_SINGLE_CTA=1 status=0 took_sampled=0 took_filtered=0 expected_rej=0 msg=""
RESULT rows=1 k=512 n=400000 pat=random rep=0 rep=0 outcome=PASS exact=1 repro=1 poison_left=0 ms=0.670 force_single_cta=1 detail=""
RESULT rows=1 k=512 n=400000 pat=random rep=1 rep=1 outcome=PASS exact=1 repro=1 poison_left=0 ms=0.356 force_single_cta=1 detail=""
RESULT rows=1 k=512 n=400000 pat=random rep=2 rep=2 outcome=PASS exact=1 repro=1 poison_left=0 ms=0.356 force_single_cta=1 detail=""
RESULT rows=1 k=512 n=400000 pat=random rep=3 rep=3 outcome=PASS exact=1 repro=1 poison_left=0 ms=0.355 force_single_cta=1 detail=""
RESULT rows=1 k=512 n=400000 pat=random rep=4 rep=4 outcome=PASS exact=1 repro=1 poison_left=0 ms=0.354 force_single_cta=1 detail=""
RESULT rows=1 k=512 n=400000 pat=random rep=5 rep=5 outcome=PASS exact=1 repro=1 poison_left=0 ms=0.354 force_single_cta=1 detail=""
SUMMARY rows=1 k=512 n=400000 pat=random all_pass=1
CELL_EXIT n=400000 rows=1 k=512 pat=random rc=0
### CELL n=400000 rows=1 k=512 pat=tie
DEVICE name=NVIDIA GB10 cc=12.1 sms=48 sharedPerBlockOptin=101376 sharedPerBlock=49152 sharedPerMultiprocessor=102400
CONST kThreadsPerBlock=1024 RADIX_THRESHOLD=22016 kSmemMedium=35968 kFixedSmemLarge=2080 kDetMaxCtasPerGroup=64 det_fixed512=6400 det_fixed1024=6400 det_fixed2048=6400
DIAG rows=1 k=512 n=400000 pat=tie rep=0 sms=48 optin=101376 eff_smem=35968 vec=4 static_smem=4256 avail=29632 max_chunk=7408 active_w=400000 ctas0=54 chunk0=7408 smem_pre_det=35968 det_want=94464 dyn_cap=97120 smem=94464 occ=1 coop=1 hw_cap=48 max_res=48 groups=1 total_ctas=1 ctas_pg=1 chunk=7408 FORCE_SINGLE_CTA=1 status=0 took_sampled=0 took_filtered=0 expected_rej=0 msg=""
RESULT rows=1 k=512 n=400000 pat=tie rep=0 rep=0 outcome=PASS exact=1 repro=1 poison_left=0 ms=0.682 force_single_cta=1 detail=""
RESULT rows=1 k=512 n=400000 pat=tie rep=1 rep=1 outcome=PASS exact=1 repro=1 poison_left=0 ms=0.375 force_single_cta=1 detail=""
RESULT rows=1 k=512 n=400000 pat=tie rep=2 rep=2 outcome=PASS exact=1 repro=1 poison_left=0 ms=0.378 force_single_cta=1 detail=""
RESULT rows=1 k=512 n=400000 pat=tie rep=3 rep=3 outcome=PASS exact=1 repro=1 poison_left=0 ms=0.374 force_single_cta=1 detail=""
RESULT rows=1 k=512 n=400000 pat=tie rep=4 rep=4 outcome=PASS exact=1 repro=1 poison_left=0 ms=0.373 force_single_cta=1 detail=""
RESULT rows=1 k=512 n=400000 pat=tie rep=5 rep=5 outcome=PASS exact=1 repro=1 poison_left=0 ms=0.374 force_single_cta=1 detail=""
SUMMARY rows=1 k=512 n=400000 pat=tie all_pass=1
CELL_EXIT n=400000 rows=1 k=512 pat=tie rc=0
### CELL n=400000 rows=1 k=512 pat=equal
DEVICE name=NVIDIA GB10 cc=12.1 sms=48 sharedPerBlockOptin=101376 sharedPerBlock=49152 sharedPerMultiprocessor=102400
CONST kThreadsPerBlock=1024 RADIX_THRESHOLD=22016 kSmemMedium=35968 kFixedSmemLarge=2080 kDetMaxCtasPerGroup=64 det_fixed512=6400 det_fixed1024=6400 det_fixed2048=6400
DIAG rows=1 k=512 n=400000 pat=equal rep=0 sms=48 optin=101376 eff_smem=35968 vec=4 static_smem=4256 avail=29632 max_chunk=7408 active_w=400000 ctas0=54 chunk0=7408 smem_pre_det=35968 det_want=94464 dyn_cap=97120 smem=94464 occ=1 coop=1 hw_cap=48 max_res=48 groups=1 total_ctas=1 ctas_pg=1 chunk=7408 FORCE_SINGLE_CTA=1 status=0 took_sampled=0 took_filtered=0 expected_rej=0 msg=""
RESULT rows=1 k=512 n=400000 pat=equal rep=0 rep=0 outcome=PASS exact=1 repro=1 poison_left=0 ms=0.670 force_single_cta=1 detail=""
RESULT rows=1 k=512 n=400000 pat=equal rep=1 rep=1 outcome=PASS exact=1 repro=1 poison_left=0 ms=0.367 force_single_cta=1 detail=""
RESULT rows=1 k=512 n=400000 pat=equal rep=2 rep=2 outcome=PASS exact=1 repro=1 poison_left=0 ms=0.365 force_single_cta=1 detail=""
RESULT rows=1 k=512 n=400000 pat=equal rep=3 rep=3 outcome=PASS exact=1 repro=1 poison_left=0 ms=0.367 force_single_cta=1 detail=""
RESULT rows=1 k=512 n=400000 pat=equal rep=4 rep=4 outcome=PASS exact=1 repro=1 poison_left=0 ms=0.365 force_single_cta=1 detail=""
RESULT rows=1 k=512 n=400000 pat=equal rep=5 rep=5 outcome=PASS exact=1 repro=1 poison_left=0 ms=0.365 force_single_cta=1 detail=""
SUMMARY rows=1 k=512 n=400000 pat=equal all_pass=1
CELL_EXIT n=400000 rows=1 k=512 pat=equal rc=0
### CELL n=400000 rows=1 k=1024 pat=random
DEVICE name=NVIDIA GB10 cc=12.1 sms=48 sharedPerBlockOptin=101376 sharedPerBlock=49152 sharedPerMultiprocessor=102400
CONST kThreadsPerBlock=1024 RADIX_THRESHOLD=22016 kSmemMedium=35968 kFixedSmemLarge=2080 kDetMaxCtasPerGroup=64 det_fixed512=6400 det_fixed1024=6400 det_fixed2048=6400
DIAG rows=1 k=1024 n=400000 pat=random rep=0 sms=48 optin=101376 eff_smem=35968 vec=4 static_smem=4256 avail=29632 max_chunk=7408 active_w=400000 ctas0=54 chunk0=7408 smem_pre_det=35968 det_want=94464 dyn_cap=97120 smem=94464 occ=1 coop=1 hw_cap=48 max_res=48 groups=1 total_ctas=1 ctas_pg=1 chunk=7408 FORCE_SINGLE_CTA=1 status=0 took_sampled=0 took_filtered=0 expected_rej=0 msg=""
RESULT rows=1 k=1024 n=400000 pat=random rep=0 rep=0 outcome=PASS exact=1 repro=1 poison_left=0 ms=0.606 force_single_cta=1 detail=""
RESULT rows=1 k=1024 n=400000 pat=random rep=1 rep=1 outcome=PASS exact=1 repro=1 poison_left=0 ms=0.288 force_single_cta=1 detail=""
RESULT rows=1 k=1024 n=400000 pat=random rep=2 rep=2 outcome=PASS exact=1 repro=1 poison_left=0 ms=0.287 force_single_cta=1 detail=""
RESULT rows=1 k=1024 n=400000 pat=random rep=3 rep=3 outcome=PASS exact=1 repro=1 poison_left=0 ms=0.287 force_single_cta=1 detail=""
RESULT rows=1 k=1024 n=400000 pat=random rep=4 rep=4 outcome=PASS exact=1 repro=1 poison_left=0 ms=0.287 force_single_cta=1 detail=""
RESULT rows=1 k=1024 n=400000 pat=random rep=5 rep=5 outcome=PASS exact=1 repro=1 poison_left=0 ms=0.287 force_single_cta=1 detail=""
SUMMARY rows=1 k=1024 n=400000 pat=random all_pass=1
CELL_EXIT n=400000 rows=1 k=1024 pat=random rc=0
### CELL n=400000 rows=1 k=1024 pat=tie
DEVICE name=NVIDIA GB10 cc=12.1 sms=48 sharedPerBlockOptin=101376 sharedPerBlock=49152 sharedPerMultiprocessor=102400
CONST kThreadsPerBlock=1024 RADIX_THRESHOLD=22016 kSmemMedium=35968 kFixedSmemLarge=2080 kDetMaxCtasPerGroup=64 det_fixed512=6400 det_fixed1024=6400 det_fixed2048=6400
DIAG rows=1 k=1024 n=400000 pat=tie rep=0 sms=48 optin=101376 eff_smem=35968 vec=4 static_smem=4256 avail=29632 max_chunk=7408 active_w=400000 ctas0=54 chunk0=7408 smem_pre_det=35968 det_want=94464 dyn_cap=97120 smem=94464 occ=1 coop=1 hw_cap=48 max_res=48 groups=1 total_ctas=1 ctas_pg=1 chunk=7408 FORCE_SINGLE_CTA=1 status=0 took_sampled=0 took_filtered=0 expected_rej=0 msg=""
RESULT rows=1 k=1024 n=400000 pat=tie rep=0 rep=0 outcome=PASS exact=1 repro=1 poison_left=0 ms=0.679 force_single_cta=1 detail=""
RESULT rows=1 k=1024 n=400000 pat=tie rep=1 rep=1 outcome=PASS exact=1 repro=1 poison_left=0 ms=0.377 force_single_cta=1 detail=""
RESULT rows=1 k=1024 n=400000 pat=tie rep=2 rep=2 outcome=PASS exact=1 repro=1 poison_left=0 ms=0.375 force_single_cta=1 detail=""
RESULT rows=1 k=1024 n=400000 pat=tie rep=3 rep=3 outcome=PASS exact=1 repro=1 poison_left=0 ms=0.375 force_single_cta=1 detail=""
RESULT rows=1 k=1024 n=400000 pat=tie rep=4 rep=4 outcome=PASS exact=1 repro=1 poison_left=0 ms=0.375 force_single_cta=1 detail=""
RESULT rows=1 k=1024 n=400000 pat=tie rep=5 rep=5 outcome=PASS exact=1 repro=1 poison_left=0 ms=0.376 force_single_cta=1 detail=""
SUMMARY rows=1 k=1024 n=400000 pat=tie all_pass=1
CELL_EXIT n=400000 rows=1 k=1024 pat=tie rc=0
### CELL n=400000 rows=1 k=1024 pat=equal
DEVICE name=NVIDIA GB10 cc=12.1 sms=48 sharedPerBlockOptin=101376 sharedPerBlock=49152 sharedPerMultiprocessor=102400
CONST kThreadsPerBlock=1024 RADIX_THRESHOLD=22016 kSmemMedium=35968 kFixedSmemLarge=2080 kDetMaxCtasPerGroup=64 det_fixed512=6400 det_fixed1024=6400 det_fixed2048=6400
DIAG rows=1 k=1024 n=400000 pat=equal rep=0 sms=48 optin=101376 eff_smem=35968 vec=4 static_smem=4256 avail=29632 max_chunk=7408 active_w=400000 ctas0=54 chunk0=7408 smem_pre_det=35968 det_want=94464 dyn_cap=97120 smem=94464 occ=1 coop=1 hw_cap=48 max_res=48 groups=1 total_ctas=1 ctas_pg=1 chunk=7408 FORCE_SINGLE_CTA=1 status=0 took_sampled=0 took_filtered=0 expected_rej=0 msg=""
RESULT rows=1 k=1024 n=400000 pat=equal rep=0 rep=0 outcome=PASS exact=1 repro=1 poison_left=0 ms=0.660 force_single_cta=1 detail=""
RESULT rows=1 k=1024 n=400000 pat=equal rep=1 rep=1 outcome=PASS exact=1 repro=1 poison_left=0 ms=0.368 force_single_cta=1 detail=""
RESULT rows=1 k=1024 n=400000 pat=equal rep=2 rep=2 outcome=PASS exact=1 repro=1 poison_left=0 ms=0.366 force_single_cta=1 detail=""
RESULT rows=1 k=1024 n=400000 pat=equal rep=3 rep=3 outcome=PASS exact=1 repro=1 poison_left=0 ms=0.366 force_single_cta=1 detail=""
RESULT rows=1 k=1024 n=400000 pat=equal rep=4 rep=4 outcome=PASS exact=1 repro=1 poison_left=0 ms=0.366 force_single_cta=1 detail=""
RESULT rows=1 k=1024 n=400000 pat=equal rep=5 rep=5 outcome=PASS exact=1 repro=1 poison_left=0 ms=0.366 force_single_cta=1 detail=""
SUMMARY rows=1 k=1024 n=400000 pat=equal all_pass=1
CELL_EXIT n=400000 rows=1 k=1024 pat=equal rc=0
### CELL n=400000 rows=1 k=2048 pat=random
DEVICE name=NVIDIA GB10 cc=12.1 sms=48 sharedPerBlockOptin=101376 sharedPerBlock=49152 sharedPerMultiprocessor=102400
CONST kThreadsPerBlock=1024 RADIX_THRESHOLD=22016 kSmemMedium=35968 kFixedSmemLarge=2080 kDetMaxCtasPerGroup=64 det_fixed512=6400 det_fixed1024=6400 det_fixed2048=6400
DIAG rows=1 k=2048 n=400000 pat=random rep=0 sms=48 optin=101376 eff_smem=35968 vec=4 static_smem=4256 avail=29632 max_chunk=7408 active_w=400000 ctas0=54 chunk0=7408 smem_pre_det=35968 det_want=94464 dyn_cap=97120 smem=94464 occ=1 coop=1 hw_cap=48 max_res=48 groups=1 total_ctas=1 ctas_pg=1 chunk=7408 FORCE_SINGLE_CTA=1 status=0 took_sampled=0 took_filtered=0 expected_rej=0 msg=""
RESULT rows=1 k=2048 n=400000 pat=random rep=0 rep=0 outcome=PASS exact=1 repro=1 poison_left=0 ms=0.662 force_single_cta=1 detail=""
RESULT rows=1 k=2048 n=400000 pat=random rep=1 rep=1 outcome=PASS exact=1 repro=1 poison_left=0 ms=0.356 force_single_cta=1 detail=""
RESULT rows=1 k=2048 n=400000 pat=random rep=2 rep=2 outcome=PASS exact=1 repro=1 poison_left=0 ms=0.356 force_single_cta=1 detail=""
RESULT rows=1 k=2048 n=400000 pat=random rep=3 rep=3 outcome=PASS exact=1 repro=1 poison_left=0 ms=0.354 force_single_cta=1 detail=""
RESULT rows=1 k=2048 n=400000 pat=random rep=4 rep=4 outcome=PASS exact=1 repro=1 poison_left=0 ms=0.355 force_single_cta=1 detail=""
RESULT rows=1 k=2048 n=400000 pat=random rep=5 rep=5 outcome=PASS exact=1 repro=1 poison_left=0 ms=0.355 force_single_cta=1 detail=""
SUMMARY rows=1 k=2048 n=400000 pat=random all_pass=1
CELL_EXIT n=400000 rows=1 k=2048 pat=random rc=0
### CELL n=400000 rows=1 k=2048 pat=tie
DEVICE name=NVIDIA GB10 cc=12.1 sms=48 sharedPerBlockOptin=101376 sharedPerBlock=49152 sharedPerMultiprocessor=102400
CONST kThreadsPerBlock=1024 RADIX_THRESHOLD=22016 kSmemMedium=35968 kFixedSmemLarge=2080 kDetMaxCtasPerGroup=64 det_fixed512=6400 det_fixed1024=6400 det_fixed2048=6400
DIAG rows=1 k=2048 n=400000 pat=tie rep=0 sms=48 optin=101376 eff_smem=35968 vec=4 static_smem=4256 avail=29632 max_chunk=7408 active_w=400000 ctas0=54 chunk0=7408 smem_pre_det=35968 det_want=94464 dyn_cap=97120 smem=94464 occ=1 coop=1 hw_cap=48 max_res=48 groups=1 total_ctas=1 ctas_pg=1 chunk=7408 FORCE_SINGLE_CTA=1 status=0 took_sampled=0 took_filtered=0 expected_rej=0 msg=""
RESULT rows=1 k=2048 n=400000 pat=tie rep=0 rep=0 outcome=PASS exact=1 repro=1 poison_left=0 ms=0.676 force_single_cta=1 detail=""
RESULT rows=1 k=2048 n=400000 pat=tie rep=1 rep=1 outcome=PASS exact=1 repro=1 poison_left=0 ms=0.376 force_single_cta=1 detail=""
RESULT rows=1 k=2048 n=400000 pat=tie rep=2 rep=2 outcome=PASS exact=1 repro=1 poison_left=0 ms=0.375 force_single_cta=1 detail=""
RESULT rows=1 k=2048 n=400000 pat=tie rep=3 rep=3 outcome=PASS exact=1 repro=1 poison_left=0 ms=0.372 force_single_cta=1 detail=""
RESULT rows=1 k=2048 n=400000 pat=tie rep=4 rep=4 outcome=PASS exact=1 repro=1 poison_left=0 ms=0.375 force_single_cta=1 detail=""
RESULT rows=1 k=2048 n=400000 pat=tie rep=5 rep=5 outcome=PASS exact=1 repro=1 poison_left=0 ms=0.374 force_single_cta=1 detail=""
SUMMARY rows=1 k=2048 n=400000 pat=tie all_pass=1
CELL_EXIT n=400000 rows=1 k=2048 pat=tie rc=0
### CELL n=400000 rows=1 k=2048 pat=equal
DEVICE name=NVIDIA GB10 cc=12.1 sms=48 sharedPerBlockOptin=101376 sharedPerBlock=49152 sharedPerMultiprocessor=102400
CONST kThreadsPerBlock=1024 RADIX_THRESHOLD=22016 kSmemMedium=35968 kFixedSmemLarge=2080 kDetMaxCtasPerGroup=64 det_fixed512=6400 det_fixed1024=6400 det_fixed2048=6400
DIAG rows=1 k=2048 n=400000 pat=equal rep=0 sms=48 optin=101376 eff_smem=35968 vec=4 static_smem=4256 avail=29632 max_chunk=7408 active_w=400000 ctas0=54 chunk0=7408 smem_pre_det=35968 det_want=94464 dyn_cap=97120 smem=94464 occ=1 coop=1 hw_cap=48 max_res=48 groups=1 total_ctas=1 ctas_pg=1 chunk=7408 FORCE_SINGLE_CTA=1 status=0 took_sampled=0 took_filtered=0 expected_rej=0 msg=""
RESULT rows=1 k=2048 n=400000 pat=equal rep=0 rep=0 outcome=PASS exact=1 repro=1 poison_left=0 ms=0.665 force_single_cta=1 detail=""
RESULT rows=1 k=2048 n=400000 pat=equal rep=1 rep=1 outcome=PASS exact=1 repro=1 poison_left=0 ms=0.368 force_single_cta=1 detail=""
RESULT rows=1 k=2048 n=400000 pat=equal rep=2 rep=2 outcome=PASS exact=1 repro=1 poison_left=0 ms=0.367 force_single_cta=1 detail=""
RESULT rows=1 k=2048 n=400000 pat=equal rep=3 rep=3 outcome=PASS exact=1 repro=1 poison_left=0 ms=0.365 force_single_cta=1 detail=""
RESULT rows=1 k=2048 n=400000 pat=equal rep=4 rep=4 outcome=PASS exact=1 repro=1 poison_left=0 ms=0.366 force_single_cta=1 detail=""
RESULT rows=1 k=2048 n=400000 pat=equal rep=5 rep=5 outcome=PASS exact=1 repro=1 poison_left=0 ms=0.366 force_single_cta=1 detail=""
SUMMARY rows=1 k=2048 n=400000 pat=equal all_pass=1
CELL_EXIT n=400000 rows=1 k=2048 pat=equal rc=0
### CELL n=400000 rows=4 k=512 pat=random
DEVICE name=NVIDIA GB10 cc=12.1 sms=48 sharedPerBlockOptin=101376 sharedPerBlock=49152 sharedPerMultiprocessor=102400
CONST kThreadsPerBlock=1024 RADIX_THRESHOLD=22016 kSmemMedium=35968 kFixedSmemLarge=2080 kDetMaxCtasPerGroup=64 det_fixed512=6400 det_fixed1024=6400 det_fixed2048=6400
DIAG rows=4 k=512 n=400000 pat=random rep=0 sms=48 optin=101376 eff_smem=35968 vec=4 static_smem=4256 avail=29632 max_chunk=7408 active_w=400000 ctas0=54 chunk0=7408 smem_pre_det=35968 det_want=94464 dyn_cap=97120 smem=94464 occ=1 coop=1 hw_cap=48 max_res=48 groups=4 total_ctas=4 ctas_pg=1 chunk=7408 FORCE_SINGLE_CTA=1 status=0 took_sampled=0 took_filtered=0 expected_rej=0 msg=""
RESULT rows=4 k=512 n=400000 pat=random rep=0 rep=0 outcome=PASS exact=1 repro=1 poison_left=0 ms=0.708 force_single_cta=1 detail=""
RESULT rows=4 k=512 n=400000 pat=random rep=1 rep=1 outcome=PASS exact=1 repro=1 poison_left=0 ms=0.358 force_single_cta=1 detail=""
RESULT rows=4 k=512 n=400000 pat=random rep=2 rep=2 outcome=PASS exact=1 repro=1 poison_left=0 ms=0.356 force_single_cta=1 detail=""
RESULT rows=4 k=512 n=400000 pat=random rep=3 rep=3 outcome=PASS exact=1 repro=1 poison_left=0 ms=0.355 force_single_cta=1 detail=""
RESULT rows=4 k=512 n=400000 pat=random rep=4 rep=4 outcome=PASS exact=1 repro=1 poison_left=0 ms=0.356 force_single_cta=1 detail=""
RESULT rows=4 k=512 n=400000 pat=random rep=5 rep=5 outcome=PASS exact=1 repro=1 poison_left=0 ms=0.355 force_single_cta=1 detail=""
SUMMARY rows=4 k=512 n=400000 pat=random all_pass=1
CELL_EXIT n=400000 rows=4 k=512 pat=random rc=0
### CELL n=400000 rows=4 k=512 pat=tie
DEVICE name=NVIDIA GB10 cc=12.1 sms=48 sharedPerBlockOptin=101376 sharedPerBlock=49152 sharedPerMultiprocessor=102400
CONST kThreadsPerBlock=1024 RADIX_THRESHOLD=22016 kSmemMedium=35968 kFixedSmemLarge=2080 kDetMaxCtasPerGroup=64 det_fixed512=6400 det_fixed1024=6400 det_fixed2048=6400
DIAG rows=4 k=512 n=400000 pat=tie rep=0 sms=48 optin=101376 eff_smem=35968 vec=4 static_smem=4256 avail=29632 max_chunk=7408 active_w=400000 ctas0=54 chunk0=7408 smem_pre_det=35968 det_want=94464 dyn_cap=97120 smem=94464 occ=1 coop=1 hw_cap=48 max_res=48 groups=4 total_ctas=4 ctas_pg=1 chunk=7408 FORCE_SINGLE_CTA=1 status=0 took_sampled=0 took_filtered=0 expected_rej=0 msg=""
RESULT rows=4 k=512 n=400000 pat=tie rep=0 rep=0 outcome=PASS exact=1 repro=1 poison_left=0 ms=0.772 force_single_cta=1 detail=""
RESULT rows=4 k=512 n=400000 pat=tie rep=1 rep=1 outcome=PASS exact=1 repro=1 poison_left=0 ms=0.377 force_single_cta=1 detail=""
RESULT rows=4 k=512 n=400000 pat=tie rep=2 rep=2 outcome=PASS exact=1 repro=1 poison_left=0 ms=0.375 force_single_cta=1 detail=""
RESULT rows=4 k=512 n=400000 pat=tie rep=3 rep=3 outcome=PASS exact=1 repro=1 poison_left=0 ms=0.373 force_single_cta=1 detail=""
RESULT rows=4 k=512 n=400000 pat=tie rep=4 rep=4 outcome=PASS exact=1 repro=1 poison_left=0 ms=0.375 force_single_cta=1 detail=""
RESULT rows=4 k=512 n=400000 pat=tie rep=5 rep=5 outcome=PASS exact=1 repro=1 poison_left=0 ms=0.375 force_single_cta=1 detail=""
SUMMARY rows=4 k=512 n=400000 pat=tie all_pass=1
CELL_EXIT n=400000 rows=4 k=512 pat=tie rc=0
### CELL n=400000 rows=4 k=512 pat=equal
DEVICE name=NVIDIA GB10 cc=12.1 sms=48 sharedPerBlockOptin=101376 sharedPerBlock=49152 sharedPerMultiprocessor=102400
CONST kThreadsPerBlock=1024 RADIX_THRESHOLD=22016 kSmemMedium=35968 kFixedSmemLarge=2080 kDetMaxCtasPerGroup=64 det_fixed512=6400 det_fixed1024=6400 det_fixed2048=6400
DIAG rows=4 k=512 n=400000 pat=equal rep=0 sms=48 optin=101376 eff_smem=35968 vec=4 static_smem=4256 avail=29632 max_chunk=7408 active_w=400000 ctas0=54 chunk0=7408 smem_pre_det=35968 det_want=94464 dyn_cap=97120 smem=94464 occ=1 coop=1 hw_cap=48 max_res=48 groups=4 total_ctas=4 ctas_pg=1 chunk=7408 FORCE_SINGLE_CTA=1 status=0 took_sampled=0 took_filtered=0 expected_rej=0 msg=""
RESULT rows=4 k=512 n=400000 pat=equal rep=0 rep=0 outcome=PASS exact=1 repro=1 poison_left=0 ms=0.732 force_single_cta=1 detail=""
RESULT rows=4 k=512 n=400000 pat=equal rep=1 rep=1 outcome=PASS exact=1 repro=1 poison_left=0 ms=0.369 force_single_cta=1 detail=""
RESULT rows=4 k=512 n=400000 pat=equal rep=2 rep=2 outcome=PASS exact=1 repro=1 poison_left=0 ms=0.368 force_single_cta=1 detail=""
RESULT rows=4 k=512 n=400000 pat=equal rep=3 rep=3 outcome=PASS exact=1 repro=1 poison_left=0 ms=0.366 force_single_cta=1 detail=""
RESULT rows=4 k=512 n=400000 pat=equal rep=4 rep=4 outcome=PASS exact=1 repro=1 poison_left=0 ms=0.366 force_single_cta=1 detail=""
RESULT rows=4 k=512 n=400000 pat=equal rep=5 rep=5 outcome=PASS exact=1 repro=1 poison_left=0 ms=0.366 force_single_cta=1 detail=""
SUMMARY rows=4 k=512 n=400000 pat=equal all_pass=1
CELL_EXIT n=400000 rows=4 k=512 pat=equal rc=0
### CELL n=400000 rows=4 k=1024 pat=random
DEVICE name=NVIDIA GB10 cc=12.1 sms=48 sharedPerBlockOptin=101376 sharedPerBlock=49152 sharedPerMultiprocessor=102400
CONST kThreadsPerBlock=1024 RADIX_THRESHOLD=22016 kSmemMedium=35968 kFixedSmemLarge=2080 kDetMaxCtasPerGroup=64 det_fixed512=6400 det_fixed1024=6400 det_fixed2048=6400
DIAG rows=4 k=1024 n=400000 pat=random rep=0 sms=48 optin=101376 eff_smem=35968 vec=4 static_smem=4256 avail=29632 max_chunk=7408 active_w=400000 ctas0=54 chunk0=7408 smem_pre_det=35968 det_want=94464 dyn_cap=97120 smem=94464 occ=1 coop=1 hw_cap=48 max_res=48 groups=4 total_ctas=4 ctas_pg=1 chunk=7408 FORCE_SINGLE_CTA=1 status=0 took_sampled=0 took_filtered=0 expected_rej=0 msg=""
RESULT rows=4 k=1024 n=400000 pat=random rep=0 rep=0 outcome=PASS exact=1 repro=1 poison_left=0 ms=0.733 force_single_cta=1 detail=""
RESULT rows=4 k=1024 n=400000 pat=random rep=1 rep=1 outcome=PASS exact=1 repro=1 poison_left=0 ms=0.358 force_single_cta=1 detail=""
RESULT rows=4 k=1024 n=400000 pat=random rep=2 rep=2 outcome=PASS exact=1 repro=1 poison_left=0 ms=0.358 force_single_cta=1 detail=""
RESULT rows=4 k=1024 n=400000 pat=random rep=3 rep=3 outcome=PASS exact=1 repro=1 poison_left=0 ms=0.357 force_single_cta=1 detail=""
RESULT rows=4 k=1024 n=400000 pat=random rep=4 rep=4 outcome=PASS exact=1 repro=1 poison_left=0 ms=0.357 force_single_cta=1 detail=""
RESULT rows=4 k=1024 n=400000 pat=random rep=5 rep=5 outcome=PASS exact=1 repro=1 poison_left=0 ms=0.356 force_single_cta=1 detail=""
SUMMARY rows=4 k=1024 n=400000 pat=random all_pass=1
CELL_EXIT n=400000 rows=4 k=1024 pat=random rc=0
### CELL n=400000 rows=4 k=1024 pat=tie
DEVICE name=NVIDIA GB10 cc=12.1 sms=48 sharedPerBlockOptin=101376 sharedPerBlock=49152 sharedPerMultiprocessor=102400
CONST kThreadsPerBlock=1024 RADIX_THRESHOLD=22016 kSmemMedium=35968 kFixedSmemLarge=2080 kDetMaxCtasPerGroup=64 det_fixed512=6400 det_fixed1024=6400 det_fixed2048=6400
DIAG rows=4 k=1024 n=400000 pat=tie rep=0 sms=48 optin=101376 eff_smem=35968 vec=4 static_smem=4256 avail=29632 max_chunk=7408 active_w=400000 ctas0=54 chunk0=7408 smem_pre_det=35968 det_want=94464 dyn_cap=97120 smem=94464 occ=1 coop=1 hw_cap=48 max_res=48 groups=4 total_ctas=4 ctas_pg=1 chunk=7408 FORCE_SINGLE_CTA=1 status=0 took_sampled=0 took_filtered=0 expected_rej=0 msg=""
RESULT rows=4 k=1024 n=400000 pat=tie rep=0 rep=0 outcome=PASS exact=1 repro=1 poison_left=0 ms=0.710 force_single_cta=1 detail=""
RESULT rows=4 k=1024 n=400000 pat=tie rep=1 rep=1 outcome=PASS exact=1 repro=1 poison_left=0 ms=0.378 force_single_cta=1 detail=""
RESULT rows=4 k=1024 n=400000 pat=tie rep=2 rep=2 outcome=PASS exact=1 repro=1 poison_left=0 ms=0.377 force_single_cta=1 detail=""
RESULT rows=4 k=1024 n=400000 pat=tie rep=3 rep=3 outcome=PASS exact=1 repro=1 poison_left=0 ms=0.376 force_single_cta=1 detail=""
RESULT rows=4 k=1024 n=400000 pat=tie rep=4 rep=4 outcome=PASS exact=1 repro=1 poison_left=0 ms=0.376 force_single_cta=1 detail=""
RESULT rows=4 k=1024 n=400000 pat=tie rep=5 rep=5 outcome=PASS exact=1 repro=1 poison_left=0 ms=0.375 force_single_cta=1 detail=""
SUMMARY rows=4 k=1024 n=400000 pat=tie all_pass=1
CELL_EXIT n=400000 rows=4 k=1024 pat=tie rc=0
### CELL n=400000 rows=4 k=1024 pat=equal
DEVICE name=NVIDIA GB10 cc=12.1 sms=48 sharedPerBlockOptin=101376 sharedPerBlock=49152 sharedPerMultiprocessor=102400
CONST kThreadsPerBlock=1024 RADIX_THRESHOLD=22016 kSmemMedium=35968 kFixedSmemLarge=2080 kDetMaxCtasPerGroup=64 det_fixed512=6400 det_fixed1024=6400 det_fixed2048=6400
DIAG rows=4 k=1024 n=400000 pat=equal rep=0 sms=48 optin=101376 eff_smem=35968 vec=4 static_smem=4256 avail=29632 max_chunk=7408 active_w=400000 ctas0=54 chunk0=7408 smem_pre_det=35968 det_want=94464 dyn_cap=97120 smem=94464 occ=1 coop=1 hw_cap=48 max_res=48 groups=4 total_ctas=4 ctas_pg=1 chunk=7408 FORCE_SINGLE_CTA=1 status=0 took_sampled=0 took_filtered=0 expected_rej=0 msg=""
RESULT rows=4 k=1024 n=400000 pat=equal rep=0 rep=0 outcome=PASS exact=1 repro=1 poison_left=0 ms=0.738 force_single_cta=1 detail=""
RESULT rows=4 k=1024 n=400000 pat=equal rep=1 rep=1 outcome=PASS exact=1 repro=1 poison_left=0 ms=0.371 force_single_cta=1 detail=""
RESULT rows=4 k=1024 n=400000 pat=equal rep=2 rep=2 outcome=PASS exact=1 repro=1 poison_left=0 ms=0.369 force_single_cta=1 detail=""
RESULT rows=4 k=1024 n=400000 pat=equal rep=3 rep=3 outcome=PASS exact=1 repro=1 poison_left=0 ms=0.369 force_single_cta=1 detail=""
RESULT rows=4 k=1024 n=400000 pat=equal rep=4 rep=4 outcome=PASS exact=1 repro=1 poison_left=0 ms=0.367 force_single_cta=1 detail=""
RESULT rows=4 k=1024 n=400000 pat=equal rep=5 rep=5 outcome=PASS exact=1 repro=1 poison_left=0 ms=0.367 force_single_cta=1 detail=""
SUMMARY rows=4 k=1024 n=400000 pat=equal all_pass=1
CELL_EXIT n=400000 rows=4 k=1024 pat=equal rc=0
### CELL n=400000 rows=4 k=2048 pat=random
DEVICE name=NVIDIA GB10 cc=12.1 sms=48 sharedPerBlockOptin=101376 sharedPerBlock=49152 sharedPerMultiprocessor=102400
CONST kThreadsPerBlock=1024 RADIX_THRESHOLD=22016 kSmemMedium=35968 kFixedSmemLarge=2080 kDetMaxCtasPerGroup=64 det_fixed512=6400 det_fixed1024=6400 det_fixed2048=6400
DIAG rows=4 k=2048 n=400000 pat=random rep=0 sms=48 optin=101376 eff_smem=35968 vec=4 static_smem=4256 avail=29632 max_chunk=7408 active_w=400000 ctas0=54 chunk0=7408 smem_pre_det=35968 det_want=94464 dyn_cap=97120 smem=94464 occ=1 coop=1 hw_cap=48 max_res=48 groups=4 total_ctas=4 ctas_pg=1 chunk=7408 FORCE_SINGLE_CTA=1 status=0 took_sampled=0 took_filtered=0 expected_rej=0 msg=""
RESULT rows=4 k=2048 n=400000 pat=random rep=0 rep=0 outcome=PASS exact=1 repro=1 poison_left=0 ms=0.711 force_single_cta=1 detail=""
RESULT rows=4 k=2048 n=400000 pat=random rep=1 rep=1 outcome=PASS exact=1 repro=1 poison_left=0 ms=0.355 force_single_cta=1 detail=""
RESULT rows=4 k=2048 n=400000 pat=random rep=2 rep=2 outcome=PASS exact=1 repro=1 poison_left=0 ms=0.355 force_single_cta=1 detail=""
RESULT rows=4 k=2048 n=400000 pat=random rep=3 rep=3 outcome=PASS exact=1 repro=1 poison_left=0 ms=0.354 force_single_cta=1 detail=""
RESULT rows=4 k=2048 n=400000 pat=random rep=4 rep=4 outcome=PASS exact=1 repro=1 poison_left=0 ms=0.354 force_single_cta=1 detail=""
RESULT rows=4 k=2048 n=400000 pat=random rep=5 rep=5 outcome=PASS exact=1 repro=1 poison_left=0 ms=0.354 force_single_cta=1 detail=""
SUMMARY rows=4 k=2048 n=400000 pat=random all_pass=1
CELL_EXIT n=400000 rows=4 k=2048 pat=random rc=0
### CELL n=400000 rows=4 k=2048 pat=tie
DEVICE name=NVIDIA GB10 cc=12.1 sms=48 sharedPerBlockOptin=101376 sharedPerBlock=49152 sharedPerMultiprocessor=102400
CONST kThreadsPerBlock=1024 RADIX_THRESHOLD=22016 kSmemMedium=35968 kFixedSmemLarge=2080 kDetMaxCtasPerGroup=64 det_fixed512=6400 det_fixed1024=6400 det_fixed2048=6400
DIAG rows=4 k=2048 n=400000 pat=tie rep=0 sms=48 optin=101376 eff_smem=35968 vec=4 static_smem=4256 avail=29632 max_chunk=7408 active_w=400000 ctas0=54 chunk0=7408 smem_pre_det=35968 det_want=94464 dyn_cap=97120 smem=94464 occ=1 coop=1 hw_cap=48 max_res=48 groups=4 total_ctas=4 ctas_pg=1 chunk=7408 FORCE_SINGLE_CTA=1 status=0 took_sampled=0 took_filtered=0 expected_rej=0 msg=""
RESULT rows=4 k=2048 n=400000 pat=tie rep=0 rep=0 outcome=PASS exact=1 repro=1 poison_left=0 ms=0.706 force_single_cta=1 detail=""
RESULT rows=4 k=2048 n=400000 pat=tie rep=1 rep=1 outcome=PASS exact=1 repro=1 poison_left=0 ms=0.376 force_single_cta=1 detail=""
RESULT rows=4 k=2048 n=400000 pat=tie rep=2 rep=2 outcome=PASS exact=1 repro=1 poison_left=0 ms=0.375 force_single_cta=1 detail=""
RESULT rows=4 k=2048 n=400000 pat=tie rep=3 rep=3 outcome=PASS exact=1 repro=1 poison_left=0 ms=0.374 force_single_cta=1 detail=""
RESULT rows=4 k=2048 n=400000 pat=tie rep=4 rep=4 outcome=PASS exact=1 repro=1 poison_left=0 ms=0.373 force_single_cta=1 detail=""
RESULT rows=4 k=2048 n=400000 pat=tie rep=5 rep=5 outcome=PASS exact=1 repro=1 poison_left=0 ms=0.374 force_single_cta=1 detail=""
SUMMARY rows=4 k=2048 n=400000 pat=tie all_pass=1
CELL_EXIT n=400000 rows=4 k=2048 pat=tie rc=0
### CELL n=400000 rows=4 k=2048 pat=equal
DEVICE name=NVIDIA GB10 cc=12.1 sms=48 sharedPerBlockOptin=101376 sharedPerBlock=49152 sharedPerMultiprocessor=102400
CONST kThreadsPerBlock=1024 RADIX_THRESHOLD=22016 kSmemMedium=35968 kFixedSmemLarge=2080 kDetMaxCtasPerGroup=64 det_fixed512=6400 det_fixed1024=6400 det_fixed2048=6400
DIAG rows=4 k=2048 n=400000 pat=equal rep=0 sms=48 optin=101376 eff_smem=35968 vec=4 static_smem=4256 avail=29632 max_chunk=7408 active_w=400000 ctas0=54 chunk0=7408 smem_pre_det=35968 det_want=94464 dyn_cap=97120 smem=94464 occ=1 coop=1 hw_cap=48 max_res=48 groups=4 total_ctas=4 ctas_pg=1 chunk=7408 FORCE_SINGLE_CTA=1 status=0 took_sampled=0 took_filtered=0 expected_rej=0 msg=""
RESULT rows=4 k=2048 n=400000 pat=equal rep=0 rep=0 outcome=PASS exact=1 repro=1 poison_left=0 ms=0.861 force_single_cta=1 detail=""
RESULT rows=4 k=2048 n=400000 pat=equal rep=1 rep=1 outcome=PASS exact=1 repro=1 poison_left=0 ms=0.378 force_single_cta=1 detail=""
RESULT rows=4 k=2048 n=400000 pat=equal rep=2 rep=2 outcome=PASS exact=1 repro=1 poison_left=0 ms=0.368 force_single_cta=1 detail=""
RESULT rows=4 k=2048 n=400000 pat=equal rep=3 rep=3 outcome=PASS exact=1 repro=1 poison_left=0 ms=0.366 force_single_cta=1 detail=""
RESULT rows=4 k=2048 n=400000 pat=equal rep=4 rep=4 outcome=PASS exact=1 repro=1 poison_left=0 ms=0.366 force_single_cta=1 detail=""
RESULT rows=4 k=2048 n=400000 pat=equal rep=5 rep=5 outcome=PASS exact=1 repro=1 poison_left=0 ms=0.366 force_single_cta=1 detail=""
SUMMARY rows=4 k=2048 n=400000 pat=equal all_pass=1
CELL_EXIT n=400000 rows=4 k=2048 pat=equal rc=0
### CELL n=474112 rows=1 k=512 pat=random
DEVICE name=NVIDIA GB10 cc=12.1 sms=48 sharedPerBlockOptin=101376 sharedPerBlock=49152 sharedPerMultiprocessor=102400
CONST kThreadsPerBlock=1024 RADIX_THRESHOLD=22016 kSmemMedium=35968 kFixedSmemLarge=2080 kDetMaxCtasPerGroup=64 det_fixed512=6400 det_fixed1024=6400 det_fixed2048=6400
DIAG rows=1 k=512 n=474112 pat=random rep=0 sms=48 optin=101376 eff_smem=35968 vec=4 static_smem=4256 avail=29632 max_chunk=7408 active_w=474112 ctas0=64 chunk0=7408 smem_pre_det=35968 det_want=94464 dyn_cap=97120 smem=94464 occ=1 coop=1 hw_cap=48 max_res=48 groups=1 total_ctas=1 ctas_pg=1 chunk=7408 FORCE_SINGLE_CTA=1 status=0 took_sampled=0 took_filtered=0 expected_rej=0 msg=""
RESULT rows=1 k=512 n=474112 pat=random rep=0 rep=0 outcome=PASS exact=1 repro=1 poison_left=0 ms=0.747 force_single_cta=1 detail=""
RESULT rows=1 k=512 n=474112 pat=random rep=1 rep=1 outcome=PASS exact=1 repro=1 poison_left=0 ms=0.418 force_single_cta=1 detail=""
RESULT rows=1 k=512 n=474112 pat=random rep=2 rep=2 outcome=PASS exact=1 repro=1 poison_left=0 ms=0.416 force_single_cta=1 detail=""
RESULT rows=1 k=512 n=474112 pat=random rep=3 rep=3 outcome=PASS exact=1 repro=1 poison_left=0 ms=0.416 force_single_cta=1 detail=""
RESULT rows=1 k=512 n=474112 pat=random rep=4 rep=4 outcome=PASS exact=1 repro=1 poison_left=0 ms=0.417 force_single_cta=1 detail=""
RESULT rows=1 k=512 n=474112 pat=random rep=5 rep=5 outcome=PASS exact=1 repro=1 poison_left=0 ms=0.417 force_single_cta=1 detail=""
SUMMARY rows=1 k=512 n=474112 pat=random all_pass=1
CELL_EXIT n=474112 rows=1 k=512 pat=random rc=0
### CELL n=474112 rows=1 k=512 pat=tie
DEVICE name=NVIDIA GB10 cc=12.1 sms=48 sharedPerBlockOptin=101376 sharedPerBlock=49152 sharedPerMultiprocessor=102400
CONST kThreadsPerBlock=1024 RADIX_THRESHOLD=22016 kSmemMedium=35968 kFixedSmemLarge=2080 kDetMaxCtasPerGroup=64 det_fixed512=6400 det_fixed1024=6400 det_fixed2048=6400
DIAG rows=1 k=512 n=474112 pat=tie rep=0 sms=48 optin=101376 eff_smem=35968 vec=4 static_smem=4256 avail=29632 max_chunk=7408 active_w=474112 ctas0=64 chunk0=7408 smem_pre_det=35968 det_want=94464 dyn_cap=97120 smem=94464 occ=1 coop=1 hw_cap=48 max_res=48 groups=1 total_ctas=1 ctas_pg=1 chunk=7408 FORCE_SINGLE_CTA=1 status=0 took_sampled=0 took_filtered=0 expected_rej=0 msg=""
RESULT rows=1 k=512 n=474112 pat=tie rep=0 rep=0 outcome=PASS exact=1 repro=1 poison_left=0 ms=0.758 force_single_cta=1 detail=""
RESULT rows=1 k=512 n=474112 pat=tie rep=1 rep=1 outcome=PASS exact=1 repro=1 poison_left=0 ms=0.441 force_single_cta=1 detail=""
RESULT rows=1 k=512 n=474112 pat=tie rep=2 rep=2 outcome=PASS exact=1 repro=1 poison_left=0 ms=0.441 force_single_cta=1 detail=""
RESULT rows=1 k=512 n=474112 pat=tie rep=3 rep=3 outcome=PASS exact=1 repro=1 poison_left=0 ms=0.441 force_single_cta=1 detail=""
RESULT rows=1 k=512 n=474112 pat=tie rep=4 rep=4 outcome=PASS exact=1 repro=1 poison_left=0 ms=0.441 force_single_cta=1 detail=""
RESULT rows=1 k=512 n=474112 pat=tie rep=5 rep=5 outcome=PASS exact=1 repro=1 poison_left=0 ms=0.440 force_single_cta=1 detail=""
SUMMARY rows=1 k=512 n=474112 pat=tie all_pass=1
CELL_EXIT n=474112 rows=1 k=512 pat=tie rc=0
### CELL n=474112 rows=1 k=512 pat=equal
DEVICE name=NVIDIA GB10 cc=12.1 sms=48 sharedPerBlockOptin=101376 sharedPerBlock=49152 sharedPerMultiprocessor=102400
CONST kThreadsPerBlock=1024 RADIX_THRESHOLD=22016 kSmemMedium=35968 kFixedSmemLarge=2080 kDetMaxCtasPerGroup=64 det_fixed512=6400 det_fixed1024=6400 det_fixed2048=6400
DIAG rows=1 k=512 n=474112 pat=equal rep=0 sms=48 optin=101376 eff_smem=35968 vec=4 static_smem=4256 avail=29632 max_chunk=7408 active_w=474112 ctas0=64 chunk0=7408 smem_pre_det=35968 det_want=94464 dyn_cap=97120 smem=94464 occ=1 coop=1 hw_cap=48 max_res=48 groups=1 total_ctas=1 ctas_pg=1 chunk=7408 FORCE_SINGLE_CTA=1 status=0 took_sampled=0 took_filtered=0 expected_rej=0 msg=""
RESULT rows=1 k=512 n=474112 pat=equal rep=0 rep=0 outcome=PASS exact=1 repro=1 poison_left=0 ms=0.734 force_single_cta=1 detail=""
RESULT rows=1 k=512 n=474112 pat=equal rep=1 rep=1 outcome=PASS exact=1 repro=1 poison_left=0 ms=0.431 force_single_cta=1 detail=""
RESULT rows=1 k=512 n=474112 pat=equal rep=2 rep=2 outcome=PASS exact=1 repro=1 poison_left=0 ms=0.430 force_single_cta=1 detail=""
RESULT rows=1 k=512 n=474112 pat=equal rep=3 rep=3 outcome=PASS exact=1 repro=1 poison_left=0 ms=0.429 force_single_cta=1 detail=""
RESULT rows=1 k=512 n=474112 pat=equal rep=4 rep=4 outcome=PASS exact=1 repro=1 poison_left=0 ms=0.429 force_single_cta=1 detail=""
RESULT rows=1 k=512 n=474112 pat=equal rep=5 rep=5 outcome=PASS exact=1 repro=1 poison_left=0 ms=0.430 force_single_cta=1 detail=""
SUMMARY rows=1 k=512 n=474112 pat=equal all_pass=1
CELL_EXIT n=474112 rows=1 k=512 pat=equal rc=0
### CELL n=474112 rows=1 k=1024 pat=random
DEVICE name=NVIDIA GB10 cc=12.1 sms=48 sharedPerBlockOptin=101376 sharedPerBlock=49152 sharedPerMultiprocessor=102400
CONST kThreadsPerBlock=1024 RADIX_THRESHOLD=22016 kSmemMedium=35968 kFixedSmemLarge=2080 kDetMaxCtasPerGroup=64 det_fixed512=6400 det_fixed1024=6400 det_fixed2048=6400
DIAG rows=1 k=1024 n=474112 pat=random rep=0 sms=48 optin=101376 eff_smem=35968 vec=4 static_smem=4256 avail=29632 max_chunk=7408 active_w=474112 ctas0=64 chunk0=7408 smem_pre_det=35968 det_want=94464 dyn_cap=97120 smem=94464 occ=1 coop=1 hw_cap=48 max_res=48 groups=1 total_ctas=1 ctas_pg=1 chunk=7408 FORCE_SINGLE_CTA=1 status=0 took_sampled=0 took_filtered=0 expected_rej=0 msg=""
RESULT rows=1 k=1024 n=474112 pat=random rep=0 rep=0 outcome=PASS exact=1 repro=1 poison_left=0 ms=0.737 force_single_cta=1 detail=""
RESULT rows=1 k=1024 n=474112 pat=random rep=1 rep=1 outcome=PASS exact=1 repro=1 poison_left=0 ms=0.420 force_single_cta=1 detail=""
RESULT rows=1 k=1024 n=474112 pat=random rep=2 rep=2 outcome=PASS exact=1 repro=1 poison_left=0 ms=0.419 force_single_cta=1 detail=""
RESULT rows=1 k=1024 n=474112 pat=random rep=3 rep=3 outcome=PASS exact=1 repro=1 poison_left=0 ms=0.418 force_single_cta=1 detail=""
RESULT rows=1 k=1024 n=474112 pat=random rep=4 rep=4 outcome=PASS exact=1 repro=1 poison_left=0 ms=0.418 force_single_cta=1 detail=""
RESULT rows=1 k=1024 n=474112 pat=random rep=5 rep=5 outcome=PASS exact=1 repro=1 poison_left=0 ms=0.419 force_single_cta=1 detail=""
SUMMARY rows=1 k=1024 n=474112 pat=random all_pass=1
CELL_EXIT n=474112 rows=1 k=1024 pat=random rc=0
### CELL n=474112 rows=1 k=1024 pat=tie
DEVICE name=NVIDIA GB10 cc=12.1 sms=48 sharedPerBlockOptin=101376 sharedPerBlock=49152 sharedPerMultiprocessor=102400
CONST kThreadsPerBlock=1024 RADIX_THRESHOLD=22016 kSmemMedium=35968 kFixedSmemLarge=2080 kDetMaxCtasPerGroup=64 det_fixed512=6400 det_fixed1024=6400 det_fixed2048=6400
DIAG rows=1 k=1024 n=474112 pat=tie rep=0 sms=48 optin=101376 eff_smem=35968 vec=4 static_smem=4256 avail=29632 max_chunk=7408 active_w=474112 ctas0=64 chunk0=7408 smem_pre_det=35968 det_want=94464 dyn_cap=97120 smem=94464 occ=1 coop=1 hw_cap=48 max_res=48 groups=1 total_ctas=1 ctas_pg=1 chunk=7408 FORCE_SINGLE_CTA=1 status=0 took_sampled=0 took_filtered=0 expected_rej=0 msg=""
RESULT rows=1 k=1024 n=474112 pat=tie rep=0 rep=0 outcome=PASS exact=1 repro=1 poison_left=0 ms=0.763 force_single_cta=1 detail=""
RESULT rows=1 k=1024 n=474112 pat=tie rep=1 rep=1 outcome=PASS exact=1 repro=1 poison_left=0 ms=0.444 force_single_cta=1 detail=""
RESULT rows=1 k=1024 n=474112 pat=tie rep=2 rep=2 outcome=PASS exact=1 repro=1 poison_left=0 ms=0.443 force_single_cta=1 detail=""
RESULT rows=1 k=1024 n=474112 pat=tie rep=3 rep=3 outcome=PASS exact=1 repro=1 poison_left=0 ms=0.442 force_single_cta=1 detail=""
RESULT rows=1 k=1024 n=474112 pat=tie rep=4 rep=4 outcome=PASS exact=1 repro=1 poison_left=0 ms=0.442 force_single_cta=1 detail=""
RESULT rows=1 k=1024 n=474112 pat=tie rep=5 rep=5 outcome=PASS exact=1 repro=1 poison_left=0 ms=0.446 force_single_cta=1 detail=""
SUMMARY rows=1 k=1024 n=474112 pat=tie all_pass=1
CELL_EXIT n=474112 rows=1 k=1024 pat=tie rc=0
### CELL n=474112 rows=1 k=1024 pat=equal
DEVICE name=NVIDIA GB10 cc=12.1 sms=48 sharedPerBlockOptin=101376 sharedPerBlock=49152 sharedPerMultiprocessor=102400
CONST kThreadsPerBlock=1024 RADIX_THRESHOLD=22016 kSmemMedium=35968 kFixedSmemLarge=2080 kDetMaxCtasPerGroup=64 det_fixed512=6400 det_fixed1024=6400 det_fixed2048=6400
DIAG rows=1 k=1024 n=474112 pat=equal rep=0 sms=48 optin=101376 eff_smem=35968 vec=4 static_smem=4256 avail=29632 max_chunk=7408 active_w=474112 ctas0=64 chunk0=7408 smem_pre_det=35968 det_want=94464 dyn_cap=97120 smem=94464 occ=1 coop=1 hw_cap=48 max_res=48 groups=1 total_ctas=1 ctas_pg=1 chunk=7408 FORCE_SINGLE_CTA=1 status=0 took_sampled=0 took_filtered=0 expected_rej=0 msg=""
RESULT rows=1 k=1024 n=474112 pat=equal rep=0 rep=0 outcome=PASS exact=1 repro=1 poison_left=0 ms=0.739 force_single_cta=1 detail=""
RESULT rows=1 k=1024 n=474112 pat=equal rep=1 rep=1 outcome=PASS exact=1 repro=1 poison_left=0 ms=0.433 force_single_cta=1 detail=""
RESULT rows=1 k=1024 n=474112 pat=equal rep=2 rep=2 outcome=PASS exact=1 repro=1 poison_left=0 ms=0.431 force_single_cta=1 detail=""
RESULT rows=1 k=1024 n=474112 pat=equal rep=3 rep=3 outcome=PASS exact=1 repro=1 poison_left=0 ms=0.431 force_single_cta=1 detail=""
RESULT rows=1 k=1024 n=474112 pat=equal rep=4 rep=4 outcome=PASS exact=1 repro=1 poison_left=0 ms=0.430 force_single_cta=1 detail=""
RESULT rows=1 k=1024 n=474112 pat=equal rep=5 rep=5 outcome=PASS exact=1 repro=1 poison_left=0 ms=0.431 force_single_cta=1 detail=""
SUMMARY rows=1 k=1024 n=474112 pat=equal all_pass=1
CELL_EXIT n=474112 rows=1 k=1024 pat=equal rc=0
### CELL n=474112 rows=1 k=2048 pat=random
DEVICE name=NVIDIA GB10 cc=12.1 sms=48 sharedPerBlockOptin=101376 sharedPerBlock=49152 sharedPerMultiprocessor=102400
CONST kThreadsPerBlock=1024 RADIX_THRESHOLD=22016 kSmemMedium=35968 kFixedSmemLarge=2080 kDetMaxCtasPerGroup=64 det_fixed512=6400 det_fixed1024=6400 det_fixed2048=6400
DIAG rows=1 k=2048 n=474112 pat=random rep=0 sms=48 optin=101376 eff_smem=35968 vec=4 static_smem=4256 avail=29632 max_chunk=7408 active_w=474112 ctas0=64 chunk0=7408 smem_pre_det=35968 det_want=94464 dyn_cap=97120 smem=94464 occ=1 coop=1 hw_cap=48 max_res=48 groups=1 total_ctas=1 ctas_pg=1 chunk=7408 FORCE_SINGLE_CTA=1 status=0 took_sampled=0 took_filtered=0 expected_rej=0 msg=""
RESULT rows=1 k=2048 n=474112 pat=random rep=0 rep=0 outcome=PASS exact=1 repro=1 poison_left=0 ms=0.667 force_single_cta=1 detail=""
RESULT rows=1 k=2048 n=474112 pat=random rep=1 rep=1 outcome=PASS exact=1 repro=1 poison_left=0 ms=0.338 force_single_cta=1 detail=""
RESULT rows=1 k=2048 n=474112 pat=random rep=2 rep=2 outcome=PASS exact=1 repro=1 poison_left=0 ms=0.336 force_single_cta=1 detail=""
RESULT rows=1 k=2048 n=474112 pat=random rep=3 rep=3 outcome=PASS exact=1 repro=1 poison_left=0 ms=0.336 force_single_cta=1 detail=""
RESULT rows=1 k=2048 n=474112 pat=random rep=4 rep=4 outcome=PASS exact=1 repro=1 poison_left=0 ms=0.337 force_single_cta=1 detail=""
RESULT rows=1 k=2048 n=474112 pat=random rep=5 rep=5 outcome=PASS exact=1 repro=1 poison_left=0 ms=0.337 force_single_cta=1 detail=""
SUMMARY rows=1 k=2048 n=474112 pat=random all_pass=1
CELL_EXIT n=474112 rows=1 k=2048 pat=random rc=0
### CELL n=474112 rows=1 k=2048 pat=tie
DEVICE name=NVIDIA GB10 cc=12.1 sms=48 sharedPerBlockOptin=101376 sharedPerBlock=49152 sharedPerMultiprocessor=102400
CONST kThreadsPerBlock=1024 RADIX_THRESHOLD=22016 kSmemMedium=35968 kFixedSmemLarge=2080 kDetMaxCtasPerGroup=64 det_fixed512=6400 det_fixed1024=6400 det_fixed2048=6400
DIAG rows=1 k=2048 n=474112 pat=tie rep=0 sms=48 optin=101376 eff_smem=35968 vec=4 static_smem=4256 avail=29632 max_chunk=7408 active_w=474112 ctas0=64 chunk0=7408 smem_pre_det=35968 det_want=94464 dyn_cap=97120 smem=94464 occ=1 coop=1 hw_cap=48 max_res=48 groups=1 total_ctas=1 ctas_pg=1 chunk=7408 FORCE_SINGLE_CTA=1 status=0 took_sampled=0 took_filtered=0 expected_rej=0 msg=""
RESULT rows=1 k=2048 n=474112 pat=tie rep=0 rep=0 outcome=PASS exact=1 repro=1 poison_left=0 ms=0.750 force_single_cta=1 detail=""
RESULT rows=1 k=2048 n=474112 pat=tie rep=1 rep=1 outcome=PASS exact=1 repro=1 poison_left=0 ms=0.442 force_single_cta=1 detail=""
RESULT rows=1 k=2048 n=474112 pat=tie rep=2 rep=2 outcome=PASS exact=1 repro=1 poison_left=0 ms=0.441 force_single_cta=1 detail=""
RESULT rows=1 k=2048 n=474112 pat=tie rep=3 rep=3 outcome=PASS exact=1 repro=1 poison_left=0 ms=0.439 force_single_cta=1 detail=""
RESULT rows=1 k=2048 n=474112 pat=tie rep=4 rep=4 outcome=PASS exact=1 repro=1 poison_left=0 ms=0.440 force_single_cta=1 detail=""
RESULT rows=1 k=2048 n=474112 pat=tie rep=5 rep=5 outcome=PASS exact=1 repro=1 poison_left=0 ms=0.440 force_single_cta=1 detail=""
SUMMARY rows=1 k=2048 n=474112 pat=tie all_pass=1
CELL_EXIT n=474112 rows=1 k=2048 pat=tie rc=0
### CELL n=474112 rows=1 k=2048 pat=equal
DEVICE name=NVIDIA GB10 cc=12.1 sms=48 sharedPerBlockOptin=101376 sharedPerBlock=49152 sharedPerMultiprocessor=102400
CONST kThreadsPerBlock=1024 RADIX_THRESHOLD=22016 kSmemMedium=35968 kFixedSmemLarge=2080 kDetMaxCtasPerGroup=64 det_fixed512=6400 det_fixed1024=6400 det_fixed2048=6400
DIAG rows=1 k=2048 n=474112 pat=equal rep=0 sms=48 optin=101376 eff_smem=35968 vec=4 static_smem=4256 avail=29632 max_chunk=7408 active_w=474112 ctas0=64 chunk0=7408 smem_pre_det=35968 det_want=94464 dyn_cap=97120 smem=94464 occ=1 coop=1 hw_cap=48 max_res=48 groups=1 total_ctas=1 ctas_pg=1 chunk=7408 FORCE_SINGLE_CTA=1 status=0 took_sampled=0 took_filtered=0 expected_rej=0 msg=""
RESULT rows=1 k=2048 n=474112 pat=equal rep=0 rep=0 outcome=PASS exact=1 repro=1 poison_left=0 ms=0.747 force_single_cta=1 detail=""
RESULT rows=1 k=2048 n=474112 pat=equal rep=1 rep=1 outcome=PASS exact=1 repro=1 poison_left=0 ms=0.431 force_single_cta=1 detail=""
RESULT rows=1 k=2048 n=474112 pat=equal rep=2 rep=2 outcome=PASS exact=1 repro=1 poison_left=0 ms=0.432 force_single_cta=1 detail=""
RESULT rows=1 k=2048 n=474112 pat=equal rep=3 rep=3 outcome=PASS exact=1 repro=1 poison_left=0 ms=0.430 force_single_cta=1 detail=""
RESULT rows=1 k=2048 n=474112 pat=equal rep=4 rep=4 outcome=PASS exact=1 repro=1 poison_left=0 ms=0.431 force_single_cta=1 detail=""
RESULT rows=1 k=2048 n=474112 pat=equal rep=5 rep=5 outcome=PASS exact=1 repro=1 poison_left=0 ms=0.430 force_single_cta=1 detail=""
SUMMARY rows=1 k=2048 n=474112 pat=equal all_pass=1
CELL_EXIT n=474112 rows=1 k=2048 pat=equal rc=0
### CELL n=474112 rows=4 k=512 pat=random
DEVICE name=NVIDIA GB10 cc=12.1 sms=48 sharedPerBlockOptin=101376 sharedPerBlock=49152 sharedPerMultiprocessor=102400
CONST kThreadsPerBlock=1024 RADIX_THRESHOLD=22016 kSmemMedium=35968 kFixedSmemLarge=2080 kDetMaxCtasPerGroup=64 det_fixed512=6400 det_fixed1024=6400 det_fixed2048=6400
DIAG rows=4 k=512 n=474112 pat=random rep=0 sms=48 optin=101376 eff_smem=35968 vec=4 static_smem=4256 avail=29632 max_chunk=7408 active_w=474112 ctas0=64 chunk0=7408 smem_pre_det=35968 det_want=94464 dyn_cap=97120 smem=94464 occ=1 coop=1 hw_cap=48 max_res=48 groups=4 total_ctas=4 ctas_pg=1 chunk=7408 FORCE_SINGLE_CTA=1 status=0 took_sampled=0 took_filtered=0 expected_rej=0 msg=""
RESULT rows=4 k=512 n=474112 pat=random rep=0 rep=0 outcome=PASS exact=1 repro=1 poison_left=0 ms=0.875 force_single_cta=1 detail=""
RESULT rows=4 k=512 n=474112 pat=random rep=1 rep=1 outcome=PASS exact=1 repro=1 poison_left=0 ms=0.422 force_single_cta=1 detail=""
RESULT rows=4 k=512 n=474112 pat=random rep=2 rep=2 outcome=PASS exact=1 repro=1 poison_left=0 ms=0.420 force_single_cta=1 detail=""
RESULT rows=4 k=512 n=474112 pat=random rep=3 rep=3 outcome=PASS exact=1 repro=1 poison_left=0 ms=0.419 force_single_cta=1 detail=""
RESULT rows=4 k=512 n=474112 pat=random rep=4 rep=4 outcome=PASS exact=1 repro=1 poison_left=0 ms=0.419 force_single_cta=1 detail=""
RESULT rows=4 k=512 n=474112 pat=random rep=5 rep=5 outcome=PASS exact=1 repro=1 poison_left=0 ms=0.419 force_single_cta=1 detail=""
SUMMARY rows=4 k=512 n=474112 pat=random all_pass=1
CELL_EXIT n=474112 rows=4 k=512 pat=random rc=0
### CELL n=474112 rows=4 k=512 pat=tie
DEVICE name=NVIDIA GB10 cc=12.1 sms=48 sharedPerBlockOptin=101376 sharedPerBlock=49152 sharedPerMultiprocessor=102400
CONST kThreadsPerBlock=1024 RADIX_THRESHOLD=22016 kSmemMedium=35968 kFixedSmemLarge=2080 kDetMaxCtasPerGroup=64 det_fixed512=6400 det_fixed1024=6400 det_fixed2048=6400
DIAG rows=4 k=512 n=474112 pat=tie rep=0 sms=48 optin=101376 eff_smem=35968 vec=4 static_smem=4256 avail=29632 max_chunk=7408 active_w=474112 ctas0=64 chunk0=7408 smem_pre_det=35968 det_want=94464 dyn_cap=97120 smem=94464 occ=1 coop=1 hw_cap=48 max_res=48 groups=4 total_ctas=4 ctas_pg=1 chunk=7408 FORCE_SINGLE_CTA=1 status=0 took_sampled=0 took_filtered=0 expected_rej=0 msg=""
RESULT rows=4 k=512 n=474112 pat=tie rep=0 rep=0 outcome=PASS exact=1 repro=1 poison_left=0 ms=0.790 force_single_cta=1 detail=""
RESULT rows=4 k=512 n=474112 pat=tie rep=1 rep=1 outcome=PASS exact=1 repro=1 poison_left=0 ms=0.444 force_single_cta=1 detail=""
RESULT rows=4 k=512 n=474112 pat=tie rep=2 rep=2 outcome=PASS exact=1 repro=1 poison_left=0 ms=0.443 force_single_cta=1 detail=""
RESULT rows=4 k=512 n=474112 pat=tie rep=3 rep=3 outcome=PASS exact=1 repro=1 poison_left=0 ms=0.442 force_single_cta=1 detail=""
RESULT rows=4 k=512 n=474112 pat=tie rep=4 rep=4 outcome=PASS exact=1 repro=1 poison_left=0 ms=0.443 force_single_cta=1 detail=""
RESULT rows=4 k=512 n=474112 pat=tie rep=5 rep=5 outcome=PASS exact=1 repro=1 poison_left=0 ms=0.442 force_single_cta=1 detail=""
SUMMARY rows=4 k=512 n=474112 pat=tie all_pass=1
CELL_EXIT n=474112 rows=4 k=512 pat=tie rc=0
### CELL n=474112 rows=4 k=512 pat=equal
DEVICE name=NVIDIA GB10 cc=12.1 sms=48 sharedPerBlockOptin=101376 sharedPerBlock=49152 sharedPerMultiprocessor=102400
CONST kThreadsPerBlock=1024 RADIX_THRESHOLD=22016 kSmemMedium=35968 kFixedSmemLarge=2080 kDetMaxCtasPerGroup=64 det_fixed512=6400 det_fixed1024=6400 det_fixed2048=6400
DIAG rows=4 k=512 n=474112 pat=equal rep=0 sms=48 optin=101376 eff_smem=35968 vec=4 static_smem=4256 avail=29632 max_chunk=7408 active_w=474112 ctas0=64 chunk0=7408 smem_pre_det=35968 det_want=94464 dyn_cap=97120 smem=94464 occ=1 coop=1 hw_cap=48 max_res=48 groups=4 total_ctas=4 ctas_pg=1 chunk=7408 FORCE_SINGLE_CTA=1 status=0 took_sampled=0 took_filtered=0 expected_rej=0 msg=""
RESULT rows=4 k=512 n=474112 pat=equal rep=0 rep=0 outcome=PASS exact=1 repro=1 poison_left=0 ms=0.759 force_single_cta=1 detail=""
RESULT rows=4 k=512 n=474112 pat=equal rep=1 rep=1 outcome=PASS exact=1 repro=1 poison_left=0 ms=0.434 force_single_cta=1 detail=""
RESULT rows=4 k=512 n=474112 pat=equal rep=2 rep=2 outcome=PASS exact=1 repro=1 poison_left=0 ms=0.433 force_single_cta=1 detail=""
RESULT rows=4 k=512 n=474112 pat=equal rep=3 rep=3 outcome=PASS exact=1 repro=1 poison_left=0 ms=0.431 force_single_cta=1 detail=""
RESULT rows=4 k=512 n=474112 pat=equal rep=4 rep=4 outcome=PASS exact=1 repro=1 poison_left=0 ms=0.432 force_single_cta=1 detail=""
RESULT rows=4 k=512 n=474112 pat=equal rep=5 rep=5 outcome=PASS exact=1 repro=1 poison_left=0 ms=0.432 force_single_cta=1 detail=""
SUMMARY rows=4 k=512 n=474112 pat=equal all_pass=1
CELL_EXIT n=474112 rows=4 k=512 pat=equal rc=0
### CELL n=474112 rows=4 k=1024 pat=random
DEVICE name=NVIDIA GB10 cc=12.1 sms=48 sharedPerBlockOptin=101376 sharedPerBlock=49152 sharedPerMultiprocessor=102400
CONST kThreadsPerBlock=1024 RADIX_THRESHOLD=22016 kSmemMedium=35968 kFixedSmemLarge=2080 kDetMaxCtasPerGroup=64 det_fixed512=6400 det_fixed1024=6400 det_fixed2048=6400
DIAG rows=4 k=1024 n=474112 pat=random rep=0 sms=48 optin=101376 eff_smem=35968 vec=4 static_smem=4256 avail=29632 max_chunk=7408 active_w=474112 ctas0=64 chunk0=7408 smem_pre_det=35968 det_want=94464 dyn_cap=97120 smem=94464 occ=1 coop=1 hw_cap=48 max_res=48 groups=4 total_ctas=4 ctas_pg=1 chunk=7408 FORCE_SINGLE_CTA=1 status=0 took_sampled=0 took_filtered=0 expected_rej=0 msg=""
RESULT rows=4 k=1024 n=474112 pat=random rep=0 rep=0 outcome=PASS exact=1 repro=1 poison_left=0 ms=0.868 force_single_cta=1 detail=""
RESULT rows=4 k=1024 n=474112 pat=random rep=1 rep=1 outcome=PASS exact=1 repro=1 poison_left=0 ms=0.421 force_single_cta=1 detail=""
RESULT rows=4 k=1024 n=474112 pat=random rep=2 rep=2 outcome=PASS exact=1 repro=1 poison_left=0 ms=0.419 force_single_cta=1 detail=""
RESULT rows=4 k=1024 n=474112 pat=random rep=3 rep=3 outcome=PASS exact=1 repro=1 poison_left=0 ms=0.419 force_single_cta=1 detail=""
RESULT rows=4 k=1024 n=474112 pat=random rep=4 rep=4 outcome=PASS exact=1 repro=1 poison_left=0 ms=0.418 force_single_cta=1 detail=""
RESULT rows=4 k=1024 n=474112 pat=random rep=5 rep=5 outcome=PASS exact=1 repro=1 poison_left=0 ms=0.417 force_single_cta=1 detail=""
SUMMARY rows=4 k=1024 n=474112 pat=random all_pass=1
CELL_EXIT n=474112 rows=4 k=1024 pat=random rc=0
### CELL n=474112 rows=4 k=1024 pat=tie
DEVICE name=NVIDIA GB10 cc=12.1 sms=48 sharedPerBlockOptin=101376 sharedPerBlock=49152 sharedPerMultiprocessor=102400
CONST kThreadsPerBlock=1024 RADIX_THRESHOLD=22016 kSmemMedium=35968 kFixedSmemLarge=2080 kDetMaxCtasPerGroup=64 det_fixed512=6400 det_fixed1024=6400 det_fixed2048=6400
DIAG rows=4 k=1024 n=474112 pat=tie rep=0 sms=48 optin=101376 eff_smem=35968 vec=4 static_smem=4256 avail=29632 max_chunk=7408 active_w=474112 ctas0=64 chunk0=7408 smem_pre_det=35968 det_want=94464 dyn_cap=97120 smem=94464 occ=1 coop=1 hw_cap=48 max_res=48 groups=4 total_ctas=4 ctas_pg=1 chunk=7408 FORCE_SINGLE_CTA=1 status=0 took_sampled=0 took_filtered=0 expected_rej=0 msg=""
RESULT rows=4 k=1024 n=474112 pat=tie rep=0 rep=0 outcome=PASS exact=1 repro=1 poison_left=0 ms=0.805 force_single_cta=1 detail=""
RESULT rows=4 k=1024 n=474112 pat=tie rep=1 rep=1 outcome=PASS exact=1 repro=1 poison_left=0 ms=0.445 force_single_cta=1 detail=""
RESULT rows=4 k=1024 n=474112 pat=tie rep=2 rep=2 outcome=PASS exact=1 repro=1 poison_left=0 ms=0.445 force_single_cta=1 detail=""
RESULT rows=4 k=1024 n=474112 pat=tie rep=3 rep=3 outcome=PASS exact=1 repro=1 poison_left=0 ms=0.444 force_single_cta=1 detail=""
RESULT rows=4 k=1024 n=474112 pat=tie rep=4 rep=4 outcome=PASS exact=1 repro=1 poison_left=0 ms=0.443 force_single_cta=1 detail=""
RESULT rows=4 k=1024 n=474112 pat=tie rep=5 rep=5 outcome=PASS exact=1 repro=1 poison_left=0 ms=0.442 force_single_cta=1 detail=""
SUMMARY rows=4 k=1024 n=474112 pat=tie all_pass=1
CELL_EXIT n=474112 rows=4 k=1024 pat=tie rc=0
### CELL n=474112 rows=4 k=1024 pat=equal
DEVICE name=NVIDIA GB10 cc=12.1 sms=48 sharedPerBlockOptin=101376 sharedPerBlock=49152 sharedPerMultiprocessor=102400
CONST kThreadsPerBlock=1024 RADIX_THRESHOLD=22016 kSmemMedium=35968 kFixedSmemLarge=2080 kDetMaxCtasPerGroup=64 det_fixed512=6400 det_fixed1024=6400 det_fixed2048=6400
DIAG rows=4 k=1024 n=474112 pat=equal rep=0 sms=48 optin=101376 eff_smem=35968 vec=4 static_smem=4256 avail=29632 max_chunk=7408 active_w=474112 ctas0=64 chunk0=7408 smem_pre_det=35968 det_want=94464 dyn_cap=97120 smem=94464 occ=1 coop=1 hw_cap=48 max_res=48 groups=4 total_ctas=4 ctas_pg=1 chunk=7408 FORCE_SINGLE_CTA=1 status=0 took_sampled=0 took_filtered=0 expected_rej=0 msg=""
RESULT rows=4 k=1024 n=474112 pat=equal rep=0 rep=0 outcome=PASS exact=1 repro=1 poison_left=0 ms=0.763 force_single_cta=1 detail=""
RESULT rows=4 k=1024 n=474112 pat=equal rep=1 rep=1 outcome=PASS exact=1 repro=1 poison_left=0 ms=0.435 force_single_cta=1 detail=""
RESULT rows=4 k=1024 n=474112 pat=equal rep=2 rep=2 outcome=PASS exact=1 repro=1 poison_left=0 ms=0.434 force_single_cta=1 detail=""
RESULT rows=4 k=1024 n=474112 pat=equal rep=3 rep=3 outcome=PASS exact=1 repro=1 poison_left=0 ms=0.434 force_single_cta=1 detail=""
RESULT rows=4 k=1024 n=474112 pat=equal rep=4 rep=4 outcome=PASS exact=1 repro=1 poison_left=0 ms=0.433 force_single_cta=1 detail=""
RESULT rows=4 k=1024 n=474112 pat=equal rep=5 rep=5 outcome=PASS exact=1 repro=1 poison_left=0 ms=0.432 force_single_cta=1 detail=""
SUMMARY rows=4 k=1024 n=474112 pat=equal all_pass=1
CELL_EXIT n=474112 rows=4 k=1024 pat=equal rc=0
### CELL n=474112 rows=4 k=2048 pat=random
DEVICE name=NVIDIA GB10 cc=12.1 sms=48 sharedPerBlockOptin=101376 sharedPerBlock=49152 sharedPerMultiprocessor=102400
CONST kThreadsPerBlock=1024 RADIX_THRESHOLD=22016 kSmemMedium=35968 kFixedSmemLarge=2080 kDetMaxCtasPerGroup=64 det_fixed512=6400 det_fixed1024=6400 det_fixed2048=6400
DIAG rows=4 k=2048 n=474112 pat=random rep=0 sms=48 optin=101376 eff_smem=35968 vec=4 static_smem=4256 avail=29632 max_chunk=7408 active_w=474112 ctas0=64 chunk0=7408 smem_pre_det=35968 det_want=94464 dyn_cap=97120 smem=94464 occ=1 coop=1 hw_cap=48 max_res=48 groups=4 total_ctas=4 ctas_pg=1 chunk=7408 FORCE_SINGLE_CTA=1 status=0 took_sampled=0 took_filtered=0 expected_rej=0 msg=""
RESULT rows=4 k=2048 n=474112 pat=random rep=0 rep=0 outcome=PASS exact=1 repro=1 poison_left=0 ms=0.806 force_single_cta=1 detail=""
RESULT rows=4 k=2048 n=474112 pat=random rep=1 rep=1 outcome=PASS exact=1 repro=1 poison_left=0 ms=0.407 force_single_cta=1 detail=""
RESULT rows=4 k=2048 n=474112 pat=random rep=2 rep=2 outcome=PASS exact=1 repro=1 poison_left=0 ms=0.404 force_single_cta=1 detail=""
RESULT rows=4 k=2048 n=474112 pat=random rep=3 rep=3 outcome=PASS exact=1 repro=1 poison_left=0 ms=0.404 force_single_cta=1 detail=""
RESULT rows=4 k=2048 n=474112 pat=random rep=4 rep=4 outcome=PASS exact=1 repro=1 poison_left=0 ms=0.403 force_single_cta=1 detail=""
RESULT rows=4 k=2048 n=474112 pat=random rep=5 rep=5 outcome=PASS exact=1 repro=1 poison_left=0 ms=0.403 force_single_cta=1 detail=""
SUMMARY rows=4 k=2048 n=474112 pat=random all_pass=1
CELL_EXIT n=474112 rows=4 k=2048 pat=random rc=0
### CELL n=474112 rows=4 k=2048 pat=tie
DEVICE name=NVIDIA GB10 cc=12.1 sms=48 sharedPerBlockOptin=101376 sharedPerBlock=49152 sharedPerMultiprocessor=102400
CONST kThreadsPerBlock=1024 RADIX_THRESHOLD=22016 kSmemMedium=35968 kFixedSmemLarge=2080 kDetMaxCtasPerGroup=64 det_fixed512=6400 det_fixed1024=6400 det_fixed2048=6400
DIAG rows=4 k=2048 n=474112 pat=tie rep=0 sms=48 optin=101376 eff_smem=35968 vec=4 static_smem=4256 avail=29632 max_chunk=7408 active_w=474112 ctas0=64 chunk0=7408 smem_pre_det=35968 det_want=94464 dyn_cap=97120 smem=94464 occ=1 coop=1 hw_cap=48 max_res=48 groups=4 total_ctas=4 ctas_pg=1 chunk=7408 FORCE_SINGLE_CTA=1 status=0 took_sampled=0 took_filtered=0 expected_rej=0 msg=""
RESULT rows=4 k=2048 n=474112 pat=tie rep=0 rep=0 outcome=PASS exact=1 repro=1 poison_left=0 ms=0.792 force_single_cta=1 detail=""
RESULT rows=4 k=2048 n=474112 pat=tie rep=1 rep=1 outcome=PASS exact=1 repro=1 poison_left=0 ms=0.443 force_single_cta=1 detail=""
RESULT rows=4 k=2048 n=474112 pat=tie rep=2 rep=2 outcome=PASS exact=1 repro=1 poison_left=0 ms=0.442 force_single_cta=1 detail=""
RESULT rows=4 k=2048 n=474112 pat=tie rep=3 rep=3 outcome=PASS exact=1 repro=1 poison_left=0 ms=0.442 force_single_cta=1 detail=""
RESULT rows=4 k=2048 n=474112 pat=tie rep=4 rep=4 outcome=PASS exact=1 repro=1 poison_left=0 ms=0.442 force_single_cta=1 detail=""
RESULT rows=4 k=2048 n=474112 pat=tie rep=5 rep=5 outcome=PASS exact=1 repro=1 poison_left=0 ms=0.441 force_single_cta=1 detail=""
SUMMARY rows=4 k=2048 n=474112 pat=tie all_pass=1
CELL_EXIT n=474112 rows=4 k=2048 pat=tie rc=0
### CELL n=474112 rows=4 k=2048 pat=equal
DEVICE name=NVIDIA GB10 cc=12.1 sms=48 sharedPerBlockOptin=101376 sharedPerBlock=49152 sharedPerMultiprocessor=102400
CONST kThreadsPerBlock=1024 RADIX_THRESHOLD=22016 kSmemMedium=35968 kFixedSmemLarge=2080 kDetMaxCtasPerGroup=64 det_fixed512=6400 det_fixed1024=6400 det_fixed2048=6400
DIAG rows=4 k=2048 n=474112 pat=equal rep=0 sms=48 optin=101376 eff_smem=35968 vec=4 static_smem=4256 avail=29632 max_chunk=7408 active_w=474112 ctas0=64 chunk0=7408 smem_pre_det=35968 det_want=94464 dyn_cap=97120 smem=94464 occ=1 coop=1 hw_cap=48 max_res=48 groups=4 total_ctas=4 ctas_pg=1 chunk=7408 FORCE_SINGLE_CTA=1 status=0 took_sampled=0 took_filtered=0 expected_rej=0 msg=""
RESULT rows=4 k=2048 n=474112 pat=equal rep=0 rep=0 outcome=PASS exact=1 repro=1 poison_left=0 ms=0.769 force_single_cta=1 detail=""
RESULT rows=4 k=2048 n=474112 pat=equal rep=1 rep=1 outcome=PASS exact=1 repro=1 poison_left=0 ms=0.433 force_single_cta=1 detail=""
RESULT rows=4 k=2048 n=474112 pat=equal rep=2 rep=2 outcome=PASS exact=1 repro=1 poison_left=0 ms=0.433 force_single_cta=1 detail=""
RESULT rows=4 k=2048 n=474112 pat=equal rep=3 rep=3 outcome=PASS exact=1 repro=1 poison_left=0 ms=0.431 force_single_cta=1 detail=""
RESULT rows=4 k=2048 n=474112 pat=equal rep=4 rep=4 outcome=PASS exact=1 repro=1 poison_left=0 ms=0.432 force_single_cta=1 detail=""
RESULT rows=4 k=2048 n=474112 pat=equal rep=5 rep=5 outcome=PASS exact=1 repro=1 poison_left=0 ms=0.431 force_single_cta=1 detail=""
SUMMARY rows=4 k=2048 n=474112 pat=equal all_pass=1
CELL_EXIT n=474112 rows=4 k=2048 pat=equal rc=0
### CELL n=474116 rows=1 k=512 pat=random
DEVICE name=NVIDIA GB10 cc=12.1 sms=48 sharedPerBlockOptin=101376 sharedPerBlock=49152 sharedPerMultiprocessor=102400
CONST kThreadsPerBlock=1024 RADIX_THRESHOLD=22016 kSmemMedium=35968 kFixedSmemLarge=2080 kDetMaxCtasPerGroup=64 det_fixed512=6400 det_fixed1024=6400 det_fixed2048=6400
DIAG rows=1 k=512 n=474116 pat=random rep=0 sms=48 optin=101376 eff_smem=35968 vec=4 static_smem=4256 avail=29632 max_chunk=7408 active_w=474116 ctas0=65 chunk0=7296 smem_pre_det=0 det_want=0 dyn_cap=0 smem=0 occ=0 coop=0 hw_cap=0 max_res=0 groups=0 total_ctas=0 ctas_pg=0 chunk=0 FORCE_SINGLE_CTA=0 status=1 took_sampled=0 took_filtered=0 expected_rej=1 msg="persistent_topk: ctas_per_group 65 exceeds 64"
RESULT rows=1 k=512 n=474116 pat=random rep=0 rep=0 outcome=REJECTED_PRELAUNCH_EXPECTED detail="persistent_topk: ctas_per_group 65 exceeds 64"
SUMMARY rows=1 k=512 n=474116 pat=random all_pass=1
CELL_EXIT n=474116 rows=1 k=512 pat=random rc=0
### CELL n=474116 rows=1 k=512 pat=tie
DEVICE name=NVIDIA GB10 cc=12.1 sms=48 sharedPerBlockOptin=101376 sharedPerBlock=49152 sharedPerMultiprocessor=102400
CONST kThreadsPerBlock=1024 RADIX_THRESHOLD=22016 kSmemMedium=35968 kFixedSmemLarge=2080 kDetMaxCtasPerGroup=64 det_fixed512=6400 det_fixed1024=6400 det_fixed2048=6400
DIAG rows=1 k=512 n=474116 pat=tie rep=0 sms=48 optin=101376 eff_smem=35968 vec=4 static_smem=4256 avail=29632 max_chunk=7408 active_w=474116 ctas0=65 chunk0=7296 smem_pre_det=0 det_want=0 dyn_cap=0 smem=0 occ=0 coop=0 hw_cap=0 max_res=0 groups=0 total_ctas=0 ctas_pg=0 chunk=0 FORCE_SINGLE_CTA=0 status=1 took_sampled=0 took_filtered=0 expected_rej=1 msg="persistent_topk: ctas_per_group 65 exceeds 64"
RESULT rows=1 k=512 n=474116 pat=tie rep=0 rep=0 outcome=REJECTED_PRELAUNCH_EXPECTED detail="persistent_topk: ctas_per_group 65 exceeds 64"
SUMMARY rows=1 k=512 n=474116 pat=tie all_pass=1
CELL_EXIT n=474116 rows=1 k=512 pat=tie rc=0
### CELL n=474116 rows=1 k=512 pat=equal
DEVICE name=NVIDIA GB10 cc=12.1 sms=48 sharedPerBlockOptin=101376 sharedPerBlock=49152 sharedPerMultiprocessor=102400
CONST kThreadsPerBlock=1024 RADIX_THRESHOLD=22016 kSmemMedium=35968 kFixedSmemLarge=2080 kDetMaxCtasPerGroup=64 det_fixed512=6400 det_fixed1024=6400 det_fixed2048=6400
DIAG rows=1 k=512 n=474116 pat=equal rep=0 sms=48 optin=101376 eff_smem=35968 vec=4 static_smem=4256 avail=29632 max_chunk=7408 active_w=474116 ctas0=65 chunk0=7296 smem_pre_det=0 det_want=0 dyn_cap=0 smem=0 occ=0 coop=0 hw_cap=0 max_res=0 groups=0 total_ctas=0 ctas_pg=0 chunk=0 FORCE_SINGLE_CTA=0 status=1 took_sampled=0 took_filtered=0 expected_rej=1 msg="persistent_topk: ctas_per_group 65 exceeds 64"
RESULT rows=1 k=512 n=474116 pat=equal rep=0 rep=0 outcome=REJECTED_PRELAUNCH_EXPECTED detail="persistent_topk: ctas_per_group 65 exceeds 64"
SUMMARY rows=1 k=512 n=474116 pat=equal all_pass=1
CELL_EXIT n=474116 rows=1 k=512 pat=equal rc=0
### CELL n=474116 rows=1 k=1024 pat=random
DEVICE name=NVIDIA GB10 cc=12.1 sms=48 sharedPerBlockOptin=101376 sharedPerBlock=49152 sharedPerMultiprocessor=102400
CONST kThreadsPerBlock=1024 RADIX_THRESHOLD=22016 kSmemMedium=35968 kFixedSmemLarge=2080 kDetMaxCtasPerGroup=64 det_fixed512=6400 det_fixed1024=6400 det_fixed2048=6400
DIAG rows=1 k=1024 n=474116 pat=random rep=0 sms=48 optin=101376 eff_smem=35968 vec=4 static_smem=4256 avail=29632 max_chunk=7408 active_w=474116 ctas0=65 chunk0=7296 smem_pre_det=0 det_want=0 dyn_cap=0 smem=0 occ=0 coop=0 hw_cap=0 max_res=0 groups=0 total_ctas=0 ctas_pg=0 chunk=0 FORCE_SINGLE_CTA=0 status=1 took_sampled=0 took_filtered=0 expected_rej=1 msg="persistent_topk: ctas_per_group 65 exceeds 64"
RESULT rows=1 k=1024 n=474116 pat=random rep=0 rep=0 outcome=REJECTED_PRELAUNCH_EXPECTED detail="persistent_topk: ctas_per_group 65 exceeds 64"
SUMMARY rows=1 k=1024 n=474116 pat=random all_pass=1
CELL_EXIT n=474116 rows=1 k=1024 pat=random rc=0
### CELL n=474116 rows=1 k=1024 pat=tie
DEVICE name=NVIDIA GB10 cc=12.1 sms=48 sharedPerBlockOptin=101376 sharedPerBlock=49152 sharedPerMultiprocessor=102400
CONST kThreadsPerBlock=1024 RADIX_THRESHOLD=22016 kSmemMedium=35968 kFixedSmemLarge=2080 kDetMaxCtasPerGroup=64 det_fixed512=6400 det_fixed1024=6400 det_fixed2048=6400
DIAG rows=1 k=1024 n=474116 pat=tie rep=0 sms=48 optin=101376 eff_smem=35968 vec=4 static_smem=4256 avail=29632 max_chunk=7408 active_w=474116 ctas0=65 chunk0=7296 smem_pre_det=0 det_want=0 dyn_cap=0 smem=0 occ=0 coop=0 hw_cap=0 max_res=0 groups=0 total_ctas=0 ctas_pg=0 chunk=0 FORCE_SINGLE_CTA=0 status=1 took_sampled=0 took_filtered=0 expected_rej=1 msg="persistent_topk: ctas_per_group 65 exceeds 64"
RESULT rows=1 k=1024 n=474116 pat=tie rep=0 rep=0 outcome=REJECTED_PRELAUNCH_EXPECTED detail="persistent_topk: ctas_per_group 65 exceeds 64"
SUMMARY rows=1 k=1024 n=474116 pat=tie all_pass=1
CELL_EXIT n=474116 rows=1 k=1024 pat=tie rc=0
### CELL n=474116 rows=1 k=1024 pat=equal
DEVICE name=NVIDIA GB10 cc=12.1 sms=48 sharedPerBlockOptin=101376 sharedPerBlock=49152 sharedPerMultiprocessor=102400
CONST kThreadsPerBlock=1024 RADIX_THRESHOLD=22016 kSmemMedium=35968 kFixedSmemLarge=2080 kDetMaxCtasPerGroup=64 det_fixed512=6400 det_fixed1024=6400 det_fixed2048=6400
DIAG rows=1 k=1024 n=474116 pat=equal rep=0 sms=48 optin=101376 eff_smem=35968 vec=4 static_smem=4256 avail=29632 max_chunk=7408 active_w=474116 ctas0=65 chunk0=7296 smem_pre_det=0 det_want=0 dyn_cap=0 smem=0 occ=0 coop=0 hw_cap=0 max_res=0 groups=0 total_ctas=0 ctas_pg=0 chunk=0 FORCE_SINGLE_CTA=0 status=1 took_sampled=0 took_filtered=0 expected_rej=1 msg="persistent_topk: ctas_per_group 65 exceeds 64"
RESULT rows=1 k=1024 n=474116 pat=equal rep=0 rep=0 outcome=REJECTED_PRELAUNCH_EXPECTED detail="persistent_topk: ctas_per_group 65 exceeds 64"
SUMMARY rows=1 k=1024 n=474116 pat=equal all_pass=1
CELL_EXIT n=474116 rows=1 k=1024 pat=equal rc=0
### CELL n=474116 rows=1 k=2048 pat=random
DEVICE name=NVIDIA GB10 cc=12.1 sms=48 sharedPerBlockOptin=101376 sharedPerBlock=49152 sharedPerMultiprocessor=102400
CONST kThreadsPerBlock=1024 RADIX_THRESHOLD=22016 kSmemMedium=35968 kFixedSmemLarge=2080 kDetMaxCtasPerGroup=64 det_fixed512=6400 det_fixed1024=6400 det_fixed2048=6400
DIAG rows=1 k=2048 n=474116 pat=random rep=0 sms=48 optin=101376 eff_smem=35968 vec=4 static_smem=4256 avail=29632 max_chunk=7408 active_w=474116 ctas0=65 chunk0=7296 smem_pre_det=0 det_want=0 dyn_cap=0 smem=0 occ=0 coop=0 hw_cap=0 max_res=0 groups=0 total_ctas=0 ctas_pg=0 chunk=0 FORCE_SINGLE_CTA=0 status=1 took_sampled=0 took_filtered=0 expected_rej=1 msg="persistent_topk: ctas_per_group 65 exceeds 64"
RESULT rows=1 k=2048 n=474116 pat=random rep=0 rep=0 outcome=REJECTED_PRELAUNCH_EXPECTED detail="persistent_topk: ctas_per_group 65 exceeds 64"
SUMMARY rows=1 k=2048 n=474116 pat=random all_pass=1
CELL_EXIT n=474116 rows=1 k=2048 pat=random rc=0
### CELL n=474116 rows=1 k=2048 pat=tie
DEVICE name=NVIDIA GB10 cc=12.1 sms=48 sharedPerBlockOptin=101376 sharedPerBlock=49152 sharedPerMultiprocessor=102400
CONST kThreadsPerBlock=1024 RADIX_THRESHOLD=22016 kSmemMedium=35968 kFixedSmemLarge=2080 kDetMaxCtasPerGroup=64 det_fixed512=6400 det_fixed1024=6400 det_fixed2048=6400
DIAG rows=1 k=2048 n=474116 pat=tie rep=0 sms=48 optin=101376 eff_smem=35968 vec=4 static_smem=4256 avail=29632 max_chunk=7408 active_w=474116 ctas0=65 chunk0=7296 smem_pre_det=0 det_want=0 dyn_cap=0 smem=0 occ=0 coop=0 hw_cap=0 max_res=0 groups=0 total_ctas=0 ctas_pg=0 chunk=0 FORCE_SINGLE_CTA=0 status=1 took_sampled=0 took_filtered=0 expected_rej=1 msg="persistent_topk: ctas_per_group 65 exceeds 64"
RESULT rows=1 k=2048 n=474116 pat=tie rep=0 rep=0 outcome=REJECTED_PRELAUNCH_EXPECTED detail="persistent_topk: ctas_per_group 65 exceeds 64"
SUMMARY rows=1 k=2048 n=474116 pat=tie all_pass=1
CELL_EXIT n=474116 rows=1 k=2048 pat=tie rc=0
### CELL n=474116 rows=1 k=2048 pat=equal
DEVICE name=NVIDIA GB10 cc=12.1 sms=48 sharedPerBlockOptin=101376 sharedPerBlock=49152 sharedPerMultiprocessor=102400
CONST kThreadsPerBlock=1024 RADIX_THRESHOLD=22016 kSmemMedium=35968 kFixedSmemLarge=2080 kDetMaxCtasPerGroup=64 det_fixed512=6400 det_fixed1024=6400 det_fixed2048=6400
DIAG rows=1 k=2048 n=474116 pat=equal rep=0 sms=48 optin=101376 eff_smem=35968 vec=4 static_smem=4256 avail=29632 max_chunk=7408 active_w=474116 ctas0=65 chunk0=7296 smem_pre_det=0 det_want=0 dyn_cap=0 smem=0 occ=0 coop=0 hw_cap=0 max_res=0 groups=0 total_ctas=0 ctas_pg=0 chunk=0 FORCE_SINGLE_CTA=0 status=1 took_sampled=0 took_filtered=0 expected_rej=1 msg="persistent_topk: ctas_per_group 65 exceeds 64"
RESULT rows=1 k=2048 n=474116 pat=equal rep=0 rep=0 outcome=REJECTED_PRELAUNCH_EXPECTED detail="persistent_topk: ctas_per_group 65 exceeds 64"
SUMMARY rows=1 k=2048 n=474116 pat=equal all_pass=1
CELL_EXIT n=474116 rows=1 k=2048 pat=equal rc=0
### CELL n=474116 rows=4 k=512 pat=random
DEVICE name=NVIDIA GB10 cc=12.1 sms=48 sharedPerBlockOptin=101376 sharedPerBlock=49152 sharedPerMultiprocessor=102400
CONST kThreadsPerBlock=1024 RADIX_THRESHOLD=22016 kSmemMedium=35968 kFixedSmemLarge=2080 kDetMaxCtasPerGroup=64 det_fixed512=6400 det_fixed1024=6400 det_fixed2048=6400
DIAG rows=4 k=512 n=474116 pat=random rep=0 sms=48 optin=101376 eff_smem=35968 vec=4 static_smem=4256 avail=29632 max_chunk=7408 active_w=474116 ctas0=65 chunk0=7296 smem_pre_det=0 det_want=0 dyn_cap=0 smem=0 occ=0 coop=0 hw_cap=0 max_res=0 groups=0 total_ctas=0 ctas_pg=0 chunk=0 FORCE_SINGLE_CTA=0 status=1 took_sampled=0 took_filtered=0 expected_rej=1 msg="persistent_topk: ctas_per_group 65 exceeds 64"
RESULT rows=4 k=512 n=474116 pat=random rep=0 rep=0 outcome=REJECTED_PRELAUNCH_EXPECTED detail="persistent_topk: ctas_per_group 65 exceeds 64"
SUMMARY rows=4 k=512 n=474116 pat=random all_pass=1
CELL_EXIT n=474116 rows=4 k=512 pat=random rc=0
### CELL n=474116 rows=4 k=512 pat=tie
DEVICE name=NVIDIA GB10 cc=12.1 sms=48 sharedPerBlockOptin=101376 sharedPerBlock=49152 sharedPerMultiprocessor=102400
CONST kThreadsPerBlock=1024 RADIX_THRESHOLD=22016 kSmemMedium=35968 kFixedSmemLarge=2080 kDetMaxCtasPerGroup=64 det_fixed512=6400 det_fixed1024=6400 det_fixed2048=6400
DIAG rows=4 k=512 n=474116 pat=tie rep=0 sms=48 optin=101376 eff_smem=35968 vec=4 static_smem=4256 avail=29632 max_chunk=7408 active_w=474116 ctas0=65 chunk0=7296 smem_pre_det=0 det_want=0 dyn_cap=0 smem=0 occ=0 coop=0 hw_cap=0 max_res=0 groups=0 total_ctas=0 ctas_pg=0 chunk=0 FORCE_SINGLE_CTA=0 status=1 took_sampled=0 took_filtered=0 expected_rej=1 msg="persistent_topk: ctas_per_group 65 exceeds 64"
RESULT rows=4 k=512 n=474116 pat=tie rep=0 rep=0 outcome=REJECTED_PRELAUNCH_EXPECTED detail="persistent_topk: ctas_per_group 65 exceeds 64"
SUMMARY rows=4 k=512 n=474116 pat=tie all_pass=1
CELL_EXIT n=474116 rows=4 k=512 pat=tie rc=0
### CELL n=474116 rows=4 k=512 pat=equal
DEVICE name=NVIDIA GB10 cc=12.1 sms=48 sharedPerBlockOptin=101376 sharedPerBlock=49152 sharedPerMultiprocessor=102400
CONST kThreadsPerBlock=1024 RADIX_THRESHOLD=22016 kSmemMedium=35968 kFixedSmemLarge=2080 kDetMaxCtasPerGroup=64 det_fixed512=6400 det_fixed1024=6400 det_fixed2048=6400
DIAG rows=4 k=512 n=474116 pat=equal rep=0 sms=48 optin=101376 eff_smem=35968 vec=4 static_smem=4256 avail=29632 max_chunk=7408 active_w=474116 ctas0=65 chunk0=7296 smem_pre_det=0 det_want=0 dyn_cap=0 smem=0 occ=0 coop=0 hw_cap=0 max_res=0 groups=0 total_ctas=0 ctas_pg=0 chunk=0 FORCE_SINGLE_CTA=0 status=1 took_sampled=0 took_filtered=0 expected_rej=1 msg="persistent_topk: ctas_per_group 65 exceeds 64"
RESULT rows=4 k=512 n=474116 pat=equal rep=0 rep=0 outcome=REJECTED_PRELAUNCH_EXPECTED detail="persistent_topk: ctas_per_group 65 exceeds 64"
SUMMARY rows=4 k=512 n=474116 pat=equal all_pass=1
CELL_EXIT n=474116 rows=4 k=512 pat=equal rc=0
### CELL n=474116 rows=4 k=1024 pat=random
DEVICE name=NVIDIA GB10 cc=12.1 sms=48 sharedPerBlockOptin=101376 sharedPerBlock=49152 sharedPerMultiprocessor=102400
CONST kThreadsPerBlock=1024 RADIX_THRESHOLD=22016 kSmemMedium=35968 kFixedSmemLarge=2080 kDetMaxCtasPerGroup=64 det_fixed512=6400 det_fixed1024=6400 det_fixed2048=6400
DIAG rows=4 k=1024 n=474116 pat=random rep=0 sms=48 optin=101376 eff_smem=35968 vec=4 static_smem=4256 avail=29632 max_chunk=7408 active_w=474116 ctas0=65 chunk0=7296 smem_pre_det=0 det_want=0 dyn_cap=0 smem=0 occ=0 coop=0 hw_cap=0 max_res=0 groups=0 total_ctas=0 ctas_pg=0 chunk=0 FORCE_SINGLE_CTA=0 status=1 took_sampled=0 took_filtered=0 expected_rej=1 msg="persistent_topk: ctas_per_group 65 exceeds 64"
RESULT rows=4 k=1024 n=474116 pat=random rep=0 rep=0 outcome=REJECTED_PRELAUNCH_EXPECTED detail="persistent_topk: ctas_per_group 65 exceeds 64"
SUMMARY rows=4 k=1024 n=474116 pat=random all_pass=1
CELL_EXIT n=474116 rows=4 k=1024 pat=random rc=0
### CELL n=474116 rows=4 k=1024 pat=tie
DEVICE name=NVIDIA GB10 cc=12.1 sms=48 sharedPerBlockOptin=101376 sharedPerBlock=49152 sharedPerMultiprocessor=102400
CONST kThreadsPerBlock=1024 RADIX_THRESHOLD=22016 kSmemMedium=35968 kFixedSmemLarge=2080 kDetMaxCtasPerGroup=64 det_fixed512=6400 det_fixed1024=6400 det_fixed2048=6400
DIAG rows=4 k=1024 n=474116 pat=tie rep=0 sms=48 optin=101376 eff_smem=35968 vec=4 static_smem=4256 avail=29632 max_chunk=7408 active_w=474116 ctas0=65 chunk0=7296 smem_pre_det=0 det_want=0 dyn_cap=0 smem=0 occ=0 coop=0 hw_cap=0 max_res=0 groups=0 total_ctas=0 ctas_pg=0 chunk=0 FORCE_SINGLE_CTA=0 status=1 took_sampled=0 took_filtered=0 expected_rej=1 msg="persistent_topk: ctas_per_group 65 exceeds 64"
RESULT rows=4 k=1024 n=474116 pat=tie rep=0 rep=0 outcome=REJECTED_PRELAUNCH_EXPECTED detail="persistent_topk: ctas_per_group 65 exceeds 64"
SUMMARY rows=4 k=1024 n=474116 pat=tie all_pass=1
CELL_EXIT n=474116 rows=4 k=1024 pat=tie rc=0
### CELL n=474116 rows=4 k=1024 pat=equal
DEVICE name=NVIDIA GB10 cc=12.1 sms=48 sharedPerBlockOptin=101376 sharedPerBlock=49152 sharedPerMultiprocessor=102400
CONST kThreadsPerBlock=1024 RADIX_THRESHOLD=22016 kSmemMedium=35968 kFixedSmemLarge=2080 kDetMaxCtasPerGroup=64 det_fixed512=6400 det_fixed1024=6400 det_fixed2048=6400
DIAG rows=4 k=1024 n=474116 pat=equal rep=0 sms=48 optin=101376 eff_smem=35968 vec=4 static_smem=4256 avail=29632 max_chunk=7408 active_w=474116 ctas0=65 chunk0=7296 smem_pre_det=0 det_want=0 dyn_cap=0 smem=0 occ=0 coop=0 hw_cap=0 max_res=0 groups=0 total_ctas=0 ctas_pg=0 chunk=0 FORCE_SINGLE_CTA=0 status=1 took_sampled=0 took_filtered=0 expected_rej=1 msg="persistent_topk: ctas_per_group 65 exceeds 64"
RESULT rows=4 k=1024 n=474116 pat=equal rep=0 rep=0 outcome=REJECTED_PRELAUNCH_EXPECTED detail="persistent_topk: ctas_per_group 65 exceeds 64"
SUMMARY rows=4 k=1024 n=474116 pat=equal all_pass=1
CELL_EXIT n=474116 rows=4 k=1024 pat=equal rc=0
### CELL n=474116 rows=4 k=2048 pat=random
DEVICE name=NVIDIA GB10 cc=12.1 sms=48 sharedPerBlockOptin=101376 sharedPerBlock=49152 sharedPerMultiprocessor=102400
CONST kThreadsPerBlock=1024 RADIX_THRESHOLD=22016 kSmemMedium=35968 kFixedSmemLarge=2080 kDetMaxCtasPerGroup=64 det_fixed512=6400 det_fixed1024=6400 det_fixed2048=6400
DIAG rows=4 k=2048 n=474116 pat=random rep=0 sms=48 optin=101376 eff_smem=35968 vec=4 static_smem=4256 avail=29632 max_chunk=7408 active_w=474116 ctas0=65 chunk0=7296 smem_pre_det=0 det_want=0 dyn_cap=0 smem=0 occ=0 coop=0 hw_cap=0 max_res=0 groups=0 total_ctas=0 ctas_pg=0 chunk=0 FORCE_SINGLE_CTA=0 status=1 took_sampled=0 took_filtered=0 expected_rej=1 msg="persistent_topk: ctas_per_group 65 exceeds 64"
RESULT rows=4 k=2048 n=474116 pat=random rep=0 rep=0 outcome=REJECTED_PRELAUNCH_EXPECTED detail="persistent_topk: ctas_per_group 65 exceeds 64"
SUMMARY rows=4 k=2048 n=474116 pat=random all_pass=1
CELL_EXIT n=474116 rows=4 k=2048 pat=random rc=0
### CELL n=474116 rows=4 k=2048 pat=tie
DEVICE name=NVIDIA GB10 cc=12.1 sms=48 sharedPerBlockOptin=101376 sharedPerBlock=49152 sharedPerMultiprocessor=102400
CONST kThreadsPerBlock=1024 RADIX_THRESHOLD=22016 kSmemMedium=35968 kFixedSmemLarge=2080 kDetMaxCtasPerGroup=64 det_fixed512=6400 det_fixed1024=6400 det_fixed2048=6400
DIAG rows=4 k=2048 n=474116 pat=tie rep=0 sms=48 optin=101376 eff_smem=35968 vec=4 static_smem=4256 avail=29632 max_chunk=7408 active_w=474116 ctas0=65 chunk0=7296 smem_pre_det=0 det_want=0 dyn_cap=0 smem=0 occ=0 coop=0 hw_cap=0 max_res=0 groups=0 total_ctas=0 ctas_pg=0 chunk=0 FORCE_SINGLE_CTA=0 status=1 took_sampled=0 took_filtered=0 expected_rej=1 msg="persistent_topk: ctas_per_group 65 exceeds 64"
RESULT rows=4 k=2048 n=474116 pat=tie rep=0 rep=0 outcome=REJECTED_PRELAUNCH_EXPECTED detail="persistent_topk: ctas_per_group 65 exceeds 64"
SUMMARY rows=4 k=2048 n=474116 pat=tie all_pass=1
CELL_EXIT n=474116 rows=4 k=2048 pat=tie rc=0
### CELL n=474116 rows=4 k=2048 pat=equal
DEVICE name=NVIDIA GB10 cc=12.1 sms=48 sharedPerBlockOptin=101376 sharedPerBlock=49152 sharedPerMultiprocessor=102400
CONST kThreadsPerBlock=1024 RADIX_THRESHOLD=22016 kSmemMedium=35968 kFixedSmemLarge=2080 kDetMaxCtasPerGroup=64 det_fixed512=6400 det_fixed1024=6400 det_fixed2048=6400
DIAG rows=4 k=2048 n=474116 pat=equal rep=0 sms=48 optin=101376 eff_smem=35968 vec=4 static_smem=4256 avail=29632 max_chunk=7408 active_w=474116 ctas0=65 chunk0=7296 smem_pre_det=0 det_want=0 dyn_cap=0 smem=0 occ=0 coop=0 hw_cap=0 max_res=0 groups=0 total_ctas=0 ctas_pg=0 chunk=0 FORCE_SINGLE_CTA=0 status=1 took_sampled=0 took_filtered=0 expected_rej=1 msg="persistent_topk: ctas_per_group 65 exceeds 64"
RESULT rows=4 k=2048 n=474116 pat=equal rep=0 rep=0 outcome=REJECTED_PRELAUNCH_EXPECTED detail="persistent_topk: ctas_per_group 65 exceeds 64"
SUMMARY rows=4 k=2048 n=474116 pat=equal all_pass=1
CELL_EXIT n=474116 rows=4 k=2048 pat=equal rc=0
SWEEP_COMPLETE
